રોગ,વર્ણન,લક્ષણો,ઘરેલું ઉપાય,સારવાર
(વર્ટિગો) પેરોમિઝલ પોઝિશનલ વર્ટિગો,"વર્ટિગો એક ખોટી સંવેદના છે કે તમે અથવા તમારા આસપાસના સ્થળાંતર થઈ રહ્યા છે. ઉત્તેજનાને સ્પિનિંગ, વમળ અથવા orભી અથવા આડી ખસેડવાની તરીકે વર્ણવવામાં આવે છે. વર્ટિગો એટેકસ સતત અથવા છૂટાછવાયા હોઈ શકે છે અને સેકંડથી લઈને દિવસ સુધી ચાલે છે.","વર્ટિગોના સૌથી સામાન્ય કારણો કાનની અંદરની ચેપ અથવા કાનના રોગો છે જેમ કે સૌમ્ય પેરોક્સિસ્મલ પોઝિશનલ વર્ટિગો (બીપીપીવી), વેસ્ટિબ્યુલર ન્યુરિટિસ અને મેનિયર રોગ. જ્યારે બી.પી.પી.વી. થઇ શકે છે જ્યારે કેલ્શિયમ આંતરિક કાનની નહેરો બનાવે છે, ત્યારે સંક્ષિપ્તમાં ચક્કર આવે છે જે 20 સેકંડથી એક મિનિટ સુધી ચાલે છે. તે સામાન્ય રીતે માથામાં આઘાત દ્વારા અથવા માથાને અમુક સ્થળોએ ખસેડીને લાવવામાં આવે છે.
વેસ્ટિબ્યુલર ન્યુરિટિસ આંતરિક કાનના ચેપ દ્વારા લાવવામાં આવે છે જે ચેતાની આસપાસ બળતરાનું કારણ બને છે જે શરીરને સંતુલન સમજવામાં મદદ કરે છે. તે ચક્કરના ગંભીર તકરારમાં પરિણમે છે જે એક દિવસ અથવા વધુ સમય સુધી ટકી શકે છે અને કેટલીકવાર સુનાવણીમાં ઘટાડો થાય છે. 'વ્યક્તિને એક કે બે દિવસ ચક્કર આવે છે અને પછી સંતુલન બંધ રહે છે,' હેનસેને સમજાવ્યું. ક્લેવલેન્ડ ક્લિનિક કહે છે કે 95 ટકા દર્દીઓ સંપૂર્ણ પુન recoveryપ્રાપ્તિ કરે છે અને ફરી ક્યારેય નથી. મેનીઅરનો રોગ આંતરિક કાનમાં પ્રવાહી અને દબાણ વધારવાને કારણે થાય છે અને કાનમાં વાગવા અને સુનાવણીની ખોટ સાથે ચક્કર આવે છે. ચક્કરના ઓછા સામાન્ય કારણોમાં માથા અથવા મગજની ઇજાઓ અથવા માઇગ્રેઇન્સ શામેલ હોઈ શકે છે.","- બદામ એ ​​વિટામિન એ, બી અને ઇના સમૃદ્ધ સ્રોત છે. દરરોજ મૂઠ્ઠીભર બદામ ખાવાથી ચક્કરના લક્ષણોમાં મદદ મળી શકે છે.  હાઇડ્રેટેડ રહેવું ચક્કર અને સંતુલનના પ્રશ્નોને ઘટાડવામાં મદદ કરી શકે છે.                                                                                                           - ઉબકા,માથાનો દુખાવો અને ચક્કર સહિત ચક્કરના લક્ષણોનું સંચાલન કરવા માટે આવશ્યક તેલ કુદરતી અને સસ્તું વિકલ્પો છે. માનવામાં આવે છે કે સફરજન સીડર સરકો અને મધ બંને મગજમાં લોહીના પ્રવાહને દૂર કરવા માટે રોગનિવારક ગુણધર્મો ધરાવે છે. બે ભાગ મધ અને એક ભાગ સફરજન સીડર સરકો ચક્કરના લક્ષણો અટકાવી શકે છે અને સારવાર કરી શકે છે.","મોટે ભાગે, ચક્કર સારવાર વિના ઉકેલે છે, કારણ કે મગજ કોઈના સંતુલનને પુનર્સ્થાપિત કરવા માટે આંતરિક કાનમાં થતા ફેરફારોની ભરપાઈ કરી શકે છે.  સ્ટીરોઇડ્સ જેવી દવાઓ, કાનની અંદરની બળતરા ઘટાડી શકે છે, અને પાણીની ગોળીઓ પ્રવાહી બિલ્ડઅપ ઘટાડી શકે છે. જે લોકોમાં વર્ટિગોના વારંવારના એપિસોડ હોય છે, વેસ્ટિબ્યુલર રિહેબિલિટેશન નામની શારીરિક ઉપચાર મદદ કરી શકે છે. વેસ્ટિબ્યુલર પુનર્વસન આંતરિક કાનની સમસ્યાઓ માટે વળતર આપવા માટે સેન્ટ્રલ નર્વસ સિસ્ટમને પ્રોત્સાહિત કરે છે."
એડ્સ,"હસ્તગત ઇમ્યુનોડેફિસિયન્સી સિંડ્રોમ (એઇડ્સ) એ માનવ ઇમ્યુનોડિફિશિયન્સ વાયરસ (એચઆઇવી) દ્વારા થતી એક લાંબી, સંભવિત જીવન માટે જોખમી સ્થિતિ છે. તમારી રોગપ્રતિકારક શક્તિને નુકસાન પહોંચાડીને, એચ.આય.વી ચેપ અને રોગ સામે લડવાની તમારા શરીરની ક્ષમતામાં દખલ કરે છે.

એચ.આય.વી એ સેક્સ્યુઅલી ટ્રાન્સમિટ ઇન્ફેક્શન (એસટીઆઈ) છે. તે ચેપગ્રસ્ત લોહીના સંપર્ક દ્વારા અથવા માતાથી બાળક સુધી ગર્ભાવસ્થા દરમિયાન, બાળકના જન્મ દરમિયાન અથવા સ્તનપાન દ્વારા પણ ફેલાય છે. દવા વગર, એચ.આય.વી તમારી રોગપ્રતિકારક શક્તિને નબળા બનાવે તે પહેલાં ઘણા વર્ષોનો સમય લેશે જ્યાં તમને એડ્સ છે.

એચ.આય.વી / એઇડ્સનો કોઈ ઉપાય નથી, પરંતુ દવાઓ રોગની પ્રગતિને નાટકીયરૂપે ધીમી કરી શકે છે. આ દવાઓથી ઘણા વિકસિત દેશોમાં એડ્સના મૃત્યુમાં ઘટાડો થયો છે.","- એઇડ્સ(AIDS) એચ.આય.વી(HIV) દ્વારા થાય છે. જો વ્યક્તિને એચ.આય.વી સંક્રમિત ન હોય તો તે વ્યક્તિને એડ્સ નથી થઈ શકતી.
- તંદુરસ્ત વ્યક્તિઓ પાસે CD4 ગણતરી 500 થી 1,500 પ્રતિ ઘન મિલિમીટર છે. સારવાર વિના, એચ.આય.વી CD4 કોષોને ગુણાકાર અને નાશ કરવાનું ચાલુ રાખે છે. જો કોઈ વ્યક્તિની CD4 ની ગણતરી 200 ની નીચે આવે છે, તો તેને એડ્સ છે.
- ઉપરાંત, જો એચ.આય.વી.વાળા કોઈને એચ.આય.વી સાથે સંકળાયેલ તકવાદી ચેપનો વિકાસ થાય છે, તો પણ તેમનું નિદાન એડ્સથી થઈ શકે છે, પછી ભલે તેમની CD4 ની ગણતરી 200 થી ઉપર હોય.
 
એચ.આય.વી(HIV) ના કારણો:
-એચ.આય. વી એ વાયરસની વિવિધતા છે જે આફ્રિકન ચિમ્પાન્ઝીઝને ચેપ લગાડે છે. વૈજ્entistsાનિકોને શંકા છે કે જ્યારે લોકો ચેપગ્રસ્ત ચિમ્પાંજી માંસનું સેવન કરે છે ત્યારે સિમિઅન ઇમ્યુનોડિફિશિયન્સ વાયરસ (એસઆઈવી) ચિમ્પ્સથી મનુષ્ય તરફ ગયો હતો. એકવાર માનવ વસ્તીની અંદર, વાયરસ પરિવર્તિત થઈ ગયો જેને આપણે હવે એચ.આય. વી તરીકે ઓળખીએ છીએ. આવું સંભવત 1920 ના દાયકાની જેમ થયું હતું.
-એચ.આય.વી એ ઘણાં દાયકાઓ દરમિયાન, સમગ્ર આફ્રિકામાં વ્યક્તિથી વ્યક્તિમાં ફેલાય છે. આખરે, વાયરસ વિશ્વના અન્ય ભાગોમાં સ્થળાંતર થયો. વૈજ્entistsાનિકોએ 1959 માં પ્રથમ વખત માનવ રક્તના નમૂનામાં એચ.આય.વી.
-એવું માનવામાં આવે છે કે એચ.આય.વી એ યુનાઇટેડ સ્ટેટ્સમાં 1970 ના દાયકાથી અસ્તિત્વમાં છે, પરંતુ 1980 ના દાયકા સુધી તે લોકોની ચેતનામાં ફટકારવાનું શરૂ કરી શક્યું નહીં.","જો તમે એચ.આય. વી.-પોઝિટિવ હો તો સ્વસ્થ આહારના મૂળ સિદ્ધાંતો પણ તમારી સારી સેવા કરશે. આ સિદ્ધાંતો શામેલ છે:
- શાકભાજી, ફળો, આખા અનાજ અને શાકભાજીનું પ્રમાણ વધારે છે
- પ્રોટીનના પાતળા, ઓછી ચરબીવાળા સ્રોત પસંદ કરી રહ્યા છીએ
- ઉમેરવામાં ખાંડ સાથે મીઠાઈઓ, સોફ્ટ ડ્રિંક્સ અને ખોરાક મર્યાદિત કરો
- પ્રોટીન, કાર્બોહાઇડ્રેટ્સ અને તમામ ભોજન અને નાસ્તામાં થોડી સારી ચરબી શામેલ છે 
સ્વસ્થ આહાર યોજનાથી તમને પ્રારંભ કરવા માટે અહીં વધુ વિશિષ્ટ માહિતી આપવામાં આવી છે.

કેલરી એ ખોરાકમાં energyર્જા છે જે તમારા શરીરને બળતણ પ્રદાન કરે છે. તમારા દુર્બળ બોડી માસને જાળવવા માટે, તમારે કેલરી વધારવાની જરૂર પડી શકે છે. પૂરતી કેલરી મેળવવા માટે:

- જો તમે તમારું વજન જાળવી રહ્યા હોવ તો તમારા શરીરના વજનના પાઉન્ડ દીઠ 17 કેલરીનો વપરાશ કરો.
- જો તમને તકવાદી ચેપ લાગ્યો હોય તો 20 પાઉન્ડ દીઠ કેલરી લો.
- જો તમારું વજન ઓછું થઈ રહ્યું છે તો 25 પાઉન્ડ દીઠ કેલરી લો.

પ્રોટીન સ્નાયુઓ, અવયવો અને મજબૂત રોગપ્રતિકારક શક્તિ બનાવવામાં મદદ કરે છે. યોગ્ય પ્રકારનાં પ્રોટીન મેળવવા માટે:

- જો તમે એચઆઇવી-પોઝિટિવ માણસ છો, તો દિવસમાં 100-150 ગ્રામ લક્ષ્ય રાખશો.
- જો તમે એચ.આય.વી. પોઝિટિવ મહિલા છો, તો દિવસમાં 80-100 ગ્રામ લક્ષ્ય રાખશો.
- જો તમને કિડનીનો રોગ છે, તો પ્રોટીનથી તમારી 15% -20% કરતાં વધુ કેલરી ન લો; ખૂબ તમારી કિડની પર તાણ લાવી શકે છે.
- અતિરિક્ત દુર્બળ ડુક્કરનું માંસ અથવા માંસ, ત્વચા વગરની ચિકન સ્તન, માછલી અને ઓછી ચરબીવાળા ડેરી ઉત્પાદનો પસંદ કરો.
- વધારાની પ્રોટીન મેળવવા માટે, ફળ, શાકભાજી અથવા ટોસ્ટ પર અખરોટનું માખણ ફેલાવો; ચટણી, સૂપ, બટાટા અથવા બાફેલા શાકભાજીમાં પનીર ઉમેરો; સલાડ અથવા કેસરોલ્સમાં તૈયાર ટ્યૂના ઉમેરો.","એચ.આય.વી (HIV) ચેપ અટકાવવા માટે કોઈ રસી નથી અને એડ્સ (AIDS) માટે કોઈ ઉપાય નથી. પરંતુ તમે તમારી જાતને અને અન્ય લોકોને ચેપથી બચાવી શકો છો.

એચ.આય.વી.ના ફેલાવાને રોકવામાં સહાય માટે:
- નિવારણ (ટીએસપી) તરીકે સારવારનો ઉપયોગ કરો.
- જો તમને એચ.આય.વી.નો સંપર્ક થયો હોય તો એક્સપોઝર પોસ્ટ પ્રોફીલેક્સીસ (પીઈપી) નો ઉપયોગ કરો.
- જ્યારે પણ તમે સેક્સ કરો ત્યારે એક નવો કોન્ડોમ વાપરો.
- પ્રિપ્રોઝર પ્રોફીલેક્સીસ (PREP) ને ધ્યાનમાં લો.
- જો તમને એચ.આય. વી છે તો તમારા જાતીય ભાગીદારોને કહો.
- સ્વચ્છ સોય(needle) વાપરો.
- જો તમે ગર્ભવતી છો, તો તરત જ તબીબી સંભાળ મેળવો.- પુરુષ સુન્નત ધ્યાનમાં લો.
"
ખીલ,,,,
આલ્કોહોલિક હીપેટાઇટિસ,,,,
એલર્જી,,,,
સંધિવા,"સંધિવા એ એક સામાન્ય રોગ છે જેમાં દર્દીના એક અથવા ઘણા સાંધામાં દુખાવો, જડતા અથવા સોજો આવે છે. આ રોગમાં, સાંધામાં ગઠ્ઠો રચાય છે અને ચોરીની જેમ તીવ્ર પીડા થાય છે. આ રોગ રક્તમાં યુરિક એસિડના સ્તરમાં વધારો થવાને કારણે થાય છે, મુખ્યત્વે યુરિક એસિડના ઘટાડાને કારણે.","- 12% દર્દીઓમાં આહાર સંધિવાનું મુખ્ય કારણ માનવામાં આવે છે. આલ્કોહોલ, ફ્રુટોઝથી ભરપુર પીણાં, માંસ, માછલીનું સેવન કરવાથી સંધિવાનું જોખમ વધે છે.
- મેટાબોલિક ડિસફંક્શન
- જાડાપણું
એવા ઘણા રોગો પણ છે જે સંધિવા રોગનું કારણ બને છે. આ રોગો છે:
- કિડની રોગ
- મેટાબોલિક સિન્ડ્રોમ
- પોલીસીથેમિયા
- સીસા ઝેર
- કિડની ટ્રી
- હેમોલિટીક એનિમિયા
- સોરાયસીસઅને અંગની ફેરબદલ
- મૂત્રવર્ધક દવા (હાઇડ્રોક્લોરોથિયાઝાઇડ) લેવાથી પણ સંધિવા થઈ શકે છે.
- નિયાસિન, એસ્પિરિન, સાયક્લોસ્પરીન અને ટેક્રોલિમસ જેવી દવાઓ પણ સંધિવા રોગનું કારણ બની શકે છે.","મોટાભાગે લોકો વૃધ્ધિ થતાં સંધિવાની ફરિયાદ કરવાનું શરૂ કરે છે. આ પાછળનું સૌથી મોટું કારણ શરીરમાં યુરિક એસિડનું વધારે પ્રમાણ છે. જ્યારે યુરિક એસિડ શરીરમાં વધુ બને છે, ત્યારે તે શરીરના સાંધામાં નાના સ્ફટિકોના સ્વરૂપમાં એકઠું થવાનું શરૂ કરે છે, જેના કારણે સાંધામાં દુખાવો અને ખેંચાણ આવે છે. સંધિવાને ઘણી જગ્યાએ કેરી પણ કહેવામાં આવે છે.","- વારંવાર થતા હુમલાઓથી બચવા માટે, ડૉક્ટરની સલાહથી યુરિક એસિડ ઘટાડવાની દવાઓ લઈ શકાય છે.
- પીડા અને બળતરા ઘટાડવા માટે નોન-સ્ટીરોડલ એન્ટિઇંફ્લેમેટરી દવાઓ (એનએસએઆઇડી), કોલ્ચીસીન અને સ્ટીરોઇડ્સ પણ લઈ શકાય છે. આ દવાઓ સામાન્ય રીતે 1-2 અઠવાડિયા માટે આપવામાં આવે છે.
- આર્થરાઇટિસના દર્દીઓએ પ્રોટીનયુક્ત આહાર ટાળવો જોઈએ. શરીરમાં પ્રોટીનની ઉણપને દૂર કરવા માટે બ્રાન લોટ અને છાલવાળી મગની દાળ ખાવી.
- ખાવામાં બાફેલા અનાજ, ચોખા, બાજરી, જવ, ઘઉં, ચપટી વગેરે ઉમેરો.
- બાફેલી લીલા શાકભાજી, ફણગાવેલા અનાજ, સાગો, કર્નલ, મધ અને તમામ પ્રકારના ફળો (સાઇટ્રસ ફળો અને કેળા સિવાય) પૂરતા પ્રમાણમાં લો.
- નિયમિત ચાલ, કસરત (ક્ષમતા પ્રમાણે) અને મસાજ. કબજિયાત થવા ન દો. ઉપવાસ અઠવાડિયામાં એકવાર કરવા જોઈએ. તેનાથી પીડામાં રાહત મળે છે."
શ્વાસનળીની અસ્થમા,"જ્યારે કોઈ વ્યક્તિને માઇક્રો શ્વાસની નળીઓમાં થતી કોઈ બિમારીને કારણે શ્વાસ લેવામાં તકલીફ થવા લાગે છે, ત્યારે આ સ્થિતિને અસ્થમા રોગ કહેવામાં આવે છે, આ રોગમાં વ્યક્તિને પણ કફની સમસ્યા હોય છે.",,"- અસ્થમાની સારવારમાં લસણ ખૂબ અસરકારક છે. લસણના પાંચ લવિંગને 30 મિલી દૂધમાં ઉકાળો અને રોજ આ મિશ્રણ લેવાથી દમના પ્રારંભિક તબક્કે મોટો ફાયદો થાય છે.
- ગરમ આદુ ચા સાથે લસણના પાવડરના બે ટુકડા પીવાથી અસ્થમા પણ નિયંત્રણમાં છે. સવારે અને સાંજે આ ચાનું સેવન કરવાથી દર્દીને ફાયદો થાય છે.
- એક ચમચી તાજા આદુનો રસ, એક કપ મેથીનો ઉકાળો અને સ્વાદ મુજબ મધ મિક્સ કરો. આ મિશ્રણ દમના દર્દીઓ માટે ઉત્તમ સાબિત થાય છે.
- અસ્થમાના દર્દી સેલેરીને પાણીમાં મિક્સ કરીને તેને ઉકાળો અને પાણીમાંથી વધતી વરાળ લો, આ ઘરેલું ઉપાય ખૂબ ફાયદાકારક છે.
- 4-5 લવિંગ લો અને 5 મિનીટ માટે 125 મિલી પાણીમાં ઉકાળો. આ મિશ્રણને ગાળ્યા પછી, એક ચમચી શુદ્ધ મધ નાખીને તેને ગરમ પીવો. દરરોજ બે થી ત્રણ વખત આ ઉકાળો લેવાથી દર્દીને ચોક્કસ ફાયદો થાય છે.
- 180 મીમી પાણીમાં મુઠ્ઠીભર ડ્રમસ્ટિકના પાન મિક્સ કરો અને લગભગ 5 મિનિટ સુધી ઉકાળો. મિશ્રણને ઠંડુ થવા દો, તેમાં એક ચપટી મીઠું, મરી અને લીંબુનો રસ પણ ઉમેરી શકાય છે. આ સૂપનો નિયમિત ઉપયોગ અસ્થમાની સારવારમાં અસરકારક માનવામાં આવે છે.
- મેથીનો ઉકાળો તૈયાર કરવા માટે એક ચમચી મેથીના દાણા અને એક કપ પાણી ઉકાળો. દરરોજ સવારે અને સાંજે આ મિશ્રણનું સેવન કરવાથી ચોક્કસ ફાયદો થાય છે.
- એક પાકેલા કેળાની છાલ લો, છરીથી એક નાનો ચીરો બનાવો અને તેને બે ચમચી ફિલ્ટર મરીના નાના ચમચીથી ભરો. ત્યારબાદ તેને છાલ્યા વગર કેળાના ઝાડના પાંદડામાં સારી રીતે લપેટી દો અને તેને દોરી વડે બાંધી દો અને 2-3- 2-3 કલાક રાખો. બાદમાં, કેળાનાં પાન સાથે, તેને આ રીતે આગમાં સળગાવી દો. ઠંડુ થાય એટલે કેળાની છાલ કા andો અને કેળું ખાઓ.",
સર્વાઇકલ સ્પોન્ડિલોસિસ,,"- પોલીસીથેમિયા - સીસા ઝેર - કિડની ટ્રી - હેમોલિટીક એનિમિયા - સ Psરાયિસસ અને અંગની ફેરબદલ - મૂત્રવર્ધક દવા (હાઇડ્રોક્લોરોથિયાઝાઇડ) લેવાથી પણ સંધિવા થઈ શકે છે. - નિયાસિન, એસ્પિરિન, સાયક્લોસ્પરીન અને ટેક્રોલિમસ જેવી દવાઓ પણ સંધિવા રોગનું કારણ બની શકે છે.",,
અછબડાં,"અછબડા એક વાયરલ ચેપ છે જેનાથી શરીર પર ફોલ્લાઓ અને ખંજવાળ આવે છે. જે લોકો બીમાર પડતા નથી અથવા જેમને અછબડા ટાળવા માટે રસી આપવામાં આવી નથી તેવા લોકોમાં અછબડા જોવા મળે છે. પહેલાના સમયમાં, દરેકને એક વખત અથવા નાના સુધી અછબડાની અસર થતી હતી, પરંતુ આજના સમયમાં આવા રોગો ઓછા થયા છે. મોટાભાગના લોકો માટે અછબડા એક હળવા રોગ છે. તેમ છતાં, રસી આપવામાં આવે તે વધુ સારું છે. અછબડાની રસીઓ અછબડા અને તેની સંભવિત ગૂંચવણોને રોકવાનો સલામત અને અસરકારક માર્ગ છે.","કયા લોકોને વધુ જોખમ છે? (ચિકન પોક્સના જોખમી પરિબળો) : ચિકનપોક્સ ખૂબ ચેપગ્રસ્ત છે, અને તે ઝડપથી ફેલાય છે. અન્ય લોકો વાયરસના ફોલ્લીઓ સાથે સીધા સંપર્ક દ્વારા અથવા ઉધરસ અથવા છીંક આવવાથી હવામાં રહેલા બેક્ટેરિયાના સંપર્કમાં હોઈ શકે છે. શીતળા (ચેચક) નું જોખમ વધુ હોય છે જ્યારે:
- ક્યારેય કોઈને ચિકન પોક્સ નથી.
- શીતળા માટે રસી આપવામાં આવી નથી.
- જે બાળકો શાળા અથવા છાત્રાલયોમાં ચેપથી અસરગ્રસ્ત છે.","ઝડપી ખંજવાળ, શરીરમાં લાલ ફોલ્લીઓ એ ચિકન પોક્સના મુખ્ય લક્ષણો છે. 1 થી 10 વર્ષની વયના બાળકોમાં ચિકન પોક્સનું જોખમ વધારે છે. ખોરાકમાં અનિયમિતતા એ ચિકન પોક્સના ફેલાવાનું મુખ્ય કારણ છે. આ સમય દરમિયાન કોઈએ ખીલીમાંથી ફોલ્લીઓ દૂર કરવાનો પ્રયાસ કરવો જોઈએ નહીં, આમ કરીને તે ફેલાય છે.  શીતળા (ચેચક) સમયે, યોગ્ય ખોરાકની કાળજી લેવી જોઈએ. મસાલેદાર અને તેલયુક્ત ખોરાક ખાવાનું ટાળો. ચિકનપોક્સ દર્દીને એસ્પિરિન ક્યારેય ન આપવી જોઈએ. તેનાથી તેની સ્થિતિ વધુ ખરાબ થઈ શકે છે. જ્યારે ચિકન પોક્સ થાય ત્યારે બહાર અને ગીચ વિસ્તારોમાં જવાનું ટાળો. જો શક્ય હોય તો, આ સમય દરમિયાન લોકોથી દૂર રહો.
જાણો ચિકન પોક્સ માટેના ઘરેલું ઉપાય
નીચેના ઉપાય અપનાવીને આ રોગથી મુક્તિ મેળવી શકાય છે.
1. ઓટ લોટ - જ્યારે ચિકન પોક્સ થાય છે ત્યારે શરીરમાં ખૂબ જ મજબૂત ખંજવાળ આવે છે. ખંજવાળ ટાળવા માટે, ઓટના લોટથી સ્નાન પાણીમાં ભળી જવું જોઈએ. 2 કપ લિટર પાણીમાં 2 કપ ઓટ લોટ મિક્સ કરો અને તેને લગભગ 15 મિનિટ સુધી ઉકાળો, રાંધેલા લોટને કોટન બેગમાં સારી રીતે બાંધો અને બાથના ટબમાં નહાવા.
2. બ્રાઉન વિનેગાર - બ્રાઉનમાં સરકોનો અડધો કપ પાણીમાં લેવાથી અને નહાવાથી ખંજવાળ મટે છે. તેનાથી અનાજની સોજો ઓછો થાય છે અને અનાજ પણ સુકાઈ જાય છે.
Le. લીંબુનો રસ - લીંબુનો રસ પીવાથી ચિકન પોક્સમાં રાહત મળે છે. ઉપચાર માટે, સમય સમય પર એક ગ્લાસ શુધ્ધ પાણીમાં લીંબુ સ્ક્વીઝ કરો.
Mar.માર્ગોસાના પાન - લીમડાના પાન ગરમ પાણીમાં લેવાથી અને સ્નાન કરવાથી ખંજવાળ સમાપ્ત થાય છે. લીમડો કુદરતી રીતે એન્ટી બેક્ટેરિયલ ગુણથી ભરપુર છે. આ કિસ્સામાં, ચિકન પોક્સ ઉપચારમાં ખૂબ ફાયદાકારક છે.
B. બેકિંગ સોડા - એક ગ્લાસ નવશેકા પાણીમાં અડધો ચમચી બેકિંગ સોડા મિક્સ કરો અને આ પેસ્ટને આખા શરીર પર સૂકવવા દો. તેનાથી ચિકનપોક્સ ઝડપથી મટાડવામાં આવે છે.
Apple. Appleપલ સીડર વિનેગાર - અડધા કપ સફરજનનો સરકો નવશેકું પાણીમાં નાખીને નહાવાથી રાહત મળે છે. આ પાણીમાં લગભગ 20 મિનિટ બેસો.
7. વિટામિન ઇ તેલ - વિટામિન-ઇ તેલ શરીર પર લગાવવાથી ચિકન પોક્સ દરમિયાન થતી ખંજવાળથી રાહત મળે છે.
8. ગાજર - બાફેલી ગાજર અને ધાણા ખાવાથી ચિકન પોક્સની નબળાઇ ઓછી થાય છે. ગાજર અને કોથમીરનો સૂપ પીવાથી રાહત મળે છે.
9. હર્બલ ટી - તુલસી, મેરીગોલ્ડ અને કેમોલી ઉમેરીને ચા બનાવો, પછી તેમાં મધ અથવા લીંબુ નાખીને પીવો. દિવસમાં tea- 3-4 વખત આ ચા પીવાથી રાહત મળે છે.","- એક ગ્લાસ પાણીમાં એક ચમચી બેકિંગ સોડા વિસર્જન કર્યા પછી, આ પાણીને સુતરાઉની મદદથી શરીર પર લગાવો. તમને શીતળાથી રાહત મળશે.                                                       - શીતળા દરમિયાન ખંજવાળ ન આવે તે માટે, ઓટમીલને પાણીમાં લો અને નહાવો.
- શીતળા (ચેચક) ને લીધે થતી ખંજવાળ ન થાય તે માટે, અનાજની ટોચ પર કmineલેમિન લોશન લગાવો.
- અસરગ્રસ્ત વિસ્તારમાં દિવસમાં બેથી ત્રણ વાર મધ લગાવો.
- શીતળાને ઝડપથી મટાડવા માટે, ગાજર અને લીલો ધાણા સૂપ પીવો.
- કપાસને ચંદનના તેલમાં પલાળીને અસરગ્રસ્ત સ્થળે લગાવો.
- લીલા વટાણાને ઉકાળીને પેસ્ટ બનાવો, તેને દાણા પર લગાવો, રાહત મળશે.
- એલોવેરાનો તાજો રસ કા Removeીને તેને બીજ પર લગાવો."
ક્રોનિક કોલેસ્ટિસિસ,,,,
સામાન્ય શરદી,,,,
ડેન્ગ્યુ,"ડેન્ગ્યુ એડીસ મચ્છરના કરડવાથી થાય છે. દિવસ દરમિયાન ખાસ કરીને સવારમાં આ મચ્છર કરડે છે. જો દર્દીમાં કોઈ પ્રકારના જટિલ પ્રકારના ડેન્ગ્યુનું લક્ષણ હોય, તો જલદી તેને ડ theક્ટરની પાસે લઈ જાઓ. ડીએચએફ - ડેન્ગ્યુ હેમોરmorજિક ફિવર અને ડીએસએસ (ડીએસએસ - ડેન્ગ્યુ શોક સિન્ડ્રોમ) બે પ્રકારના તાવ ડેન્ગ્યુ છે જેમાં પ્લેટલેટ્સમાં નોંધપાત્ર ઘટાડો થાય છે, જે શરીરના આવશ્યક અંગો પર નોંધપાત્ર અસર કરી શકે છે.","- જો ઘર માં કૂલર હોય તો બે-ત્રણ દિવસ પછી તેનું પાણી બદલી  નાખો.                                                                            - - - બેસિન, ટેન્કરમાં પાણી શુધ્ધ રાખવા માટે, ઘરમાં કલોરિનની બેથી ચાર ગોળીઓ લગાવો.                                                                                   - ઘરની આજુબાજુ અથવા છત પર વરસાદી પાણીનો કચરો ટાયર, નળીઓ, તૂટેલા માટીકામ,ખાલી ડબ્બા વગેરેમાં એકત્રિત ન થવા દો.         - - પાર્કમાં જતાં અથવા મચ્છરના કરડવાનું જોખમ હોય એવી જગ્યાએ જવું હોય ત્યારે કોઈએ આખા સ્લીવ્ડ કપડા પહેરવા જોઈએ જેથી મચ્છરો ડંખ ન લગાવે.                                                                                                                                                  - - મચ્છરોથી બચવા માટે ક્રીમ, મચ્છરદાની અને અન્ય પગલાં લેવા જોઈએ.                                                ","- કોથમીરના પાનનો રસ પીવાથી ડેન્ગ્યુના તાવમાં રાહત મળે છે. તેનાથી તાવ ઓછો થાય છે.                              - આમળામાં વિટામિન સી વધુ પ્રમાણમાં હોય છે, જે શરીરની શોષણ કરવાની ક્ષમતામાં વધારો કરે છે. આનાથી શરીર વધુ આયર્ન ગ્રહણ કરી શકે છે, જે ડેન્ગ્યુ તાવ મટાડવા માટે જરૂરી છે.                                                        - તુલસીના પાનને ગરમ પાણીમાં ઉકાળો અને ગાળી લો, દર્દીને પીવા દો. તુલસીની આ ચા ડેન્ગ્યુના દર્દીને અપાર રાહત આપે છે. આ ચા દિવસમાં ત્રણથી ચાર વખત લઈ શકાય છે.                                                                 - ડેંગ્યુ તાવ માટે પપૈયાના પાન સૌથી અસરકારક દવા હોવાનું કહેવામાં આવે છે. પપૈયાના પાંદડામાં હાજર પાપૈન એન્ઝાઇમ્સ શરીરની પાચક શક્તિને ઠીક કરે છે, સાથે સાથે શરીરમાં રહેલા પ્રોટીનને વિસર્જન કરે છે.                   - વિટામિન સીથી સમૃદ્ધ, નારંગી પાચક શક્તિને પ્રોત્સાહન આપવાની સાથે શરીરની પ્રતિરક્ષામાં વધારો કરે છે. આવી સ્થિતિમાં ડેન્ગ્યુના દર્દીએ જલદીથી નારંગીનો રસ પીવો જોઈએ.                                                                                                        વિટામિન સીથી સમૃદ્ધ, નારંગી પાચક શક્તિને પ્રોત્સાહન આપવાની સાથે શરીરની પ્રતિરક્ષામાં વધારો કરે છે. આવી સ્થિતિમાં ડેન્ગ્યુના દર્દીએ જલદીથી નારંગીનો રસ પીવો જોઈએ.","ડેન્ગ્યુથી બચવા માટેની શ્રેષ્ઠ રીત ગંદકીના સંચયથી બચવું છે. જો સ્ત્રી એડીસ મચ્છર વધે તો ડેન્ગ્યુ થવાની સંભાવના પણ ઘણી ઓછી થાય છે. ડેન્ગ્યુના કિસ્સામાં નીચેના પગલા લેવા જોઈએ:""                                                                                            - ઘરે ઘરે જ ડેન્ગ્યુના તાવની સારવાર કરી શકાય છે. દર્દીને સંપૂર્ણ આરામ કરવાની મંજૂરી આપો. તેને દર છ કલાકે પેરાસીટામોલ આપો અને પાણી અને પ્રવાહી વસ્તુઓ (લીંબુ પાણી, છાશ, નાળિયેર પાણી વગેરે) પીવો.                                                                - બાળકોની વિશેષ કાળજી લેવી.
- તાવ ઓછો થયા પછી પણ, દર બે દિવસમાં એકવાર પ્લેટલેટ કાઉન્ટ ટેસ્ટ કરો. ડેન્ગ્યુમાં, દર્દીના બ્લડ પ્રેશર, ખાસ કરીને ઉપલા અને નીચલા બ્લડ પ્રેશર તફાવત (દિવસમાં 3-4 વખત) ની સતત દેખરેખ રાખવી મહત્વપૂર્ણ છે. જો બે બ્લડ પ્રેશર વચ્ચેનો તફાવત 20 ડિગ્રી અથવા તેથી ઓછું આવે છે, તો પરિસ્થિતિ જોખમી બની શકે છે. લોહીનું દબાણ ઘટીને દર્દી બેભાન થઈ શકે છે.                                                                                - બાળકો નાજુક હોય છે અને તેમની રોગપ્રતિકારક શક્તિ નબળી હોય છે, તેથી રોગ તેમને ઝડપથી પકડે છે. આવી સ્થિતિમાં, તેમની માંદગીને અવગણશો નહીં.
- બાળકો ખુલ્લામાં વધુ રહે છે, તેથી ચેપ અને મચ્છરથી કરડવાથી વધુ જોખમ રહે છે.
- સંપૂર્ણ કપડાં પહેરેલા બાળકોને ઘરની બહાર મોકલો.                                           - સામાન્ય રીતે, જ્યારે બાળકોને તાવ આવે છે, ત્યારે તેમના પગ અને પગ ઠંડા રહે છે, પરંતુ તેમના કપાળ અને પેટ ગરમ છે, તેથી તેમના તાવને તેમના પેટને સ્પર્શ કરીને અને ગુદામાર્ગનું તાપમાન લેવામાં આવે છે. બાજુથી તાપમાન લેવું એ યોગ્ય રીત નથી, ખાસ કરીને બાળકોમાં. જો તાપમાન બાજુથી લેવું હોય, તો પછી આવતા વાંચનમાં 1 ડિગ્રી ઉમેરો. તે યોગ્ય વાંચન માનવામાં આવશે.
- જો બાળકને ડેન્ગ્યુ થાય છે, તો તેને હોસ્પિટલમાં સારવાર અપાવવી જોઈએ કારણ કે બાળકોમાં પ્લેટલેટ ઝડપથી પડી જાય છે અને તેઓને ઝડપથી ડિહાઇડ્રેશન (પાણીનો અભાવ) પણ થાય છે."
ડાયાબિટીસ,"મધુપ્રમેહ અથવા મધુપ્રમેહ એ તાજેતરના વર્ષોમાં જીવનશૈલીનો સૌથી ખતરનાક રોગ માનવામાં આવે છે. દર વર્ષે કેટલાક હજાર લોકો તેનાથી પ્રભાવિત થાય છે. આવો, મધુપ્રમેહ વિશે જાણો, જેને સામાન્ય રીતે સુગર કી બિમારી તરીકે પણ ઓળખવામાં આવે છે.",,,"-મધુપ્રમેહથી બચવા માટેની શ્રેષ્ઠ રીત એ છે કે તેના વિશે જાગૃત રહેવું અને તંદુરસ્ત જીવનશૈલી અપનાવી છે. મધુપ્રમેહથી બચવા માટેના કેટલાક ખાણ ઉપાય આ છે:
- દરરોજ એક કલાકની કસરત કરો.
- તમારા ઘરે દરરોજ મધુપ્રમેહની કસોટી. લોહીમાં ખાંડની માત્રાની કાળજી લો.
- ઇન્સ્યુલિન ઇન્જેશન તૈયાર કરવું જોઈએ અને જાતે જ લાગુ કરવું જોઈએ.
- ઇન્સ્યુલિન પમ્પ મૂકવો.
- કાર્બોહાઇડ્રેટ ગણતરી ધ્યાનમાં લેવામાં આવશે.
- બ્લડ પ્રેશર ઓછું હોય ત્યારે મહત્વપૂર્ણ માહિતીનું ધ્યાન રાખો"
ડિમોર્ફિક હેમોરહોઇડ્સ (થાંભલાઓ),,,,
ડ્રગ રિએક્શન,,,,
ફંગલ ચેપ,,,,
ગેસ્ટ્રોએસોફેજલ રિફ્લક્સ રોગ,,,,
ગેસ્ટ્રોએન્ટેરાઇટિસ,,,,
હદય રોગ નો હુમલો,,,,
હીપેટાઇટિસ બી,,,,
હીપેટાઇટિસ સી,,,,
હીપેટાઇટિસ ડી,,,,
હીપેટાઇટિસ ઇ,,,,
હાયપરટેન્શન,,,,
હાયપરથાઇરોઇડિઝમ,,,,
હાઈપોગ્લાયકેમિઆ,,,,
હાયપોથાઇરોડ,"હાયપોથાઇરોડ એ મેટાબોલિક ડિસઓર્ડર છે. થાઇરોઇડ ગ્રંથિના કાર્યના તમામ પાસાઓ, જેમ કે ટીએસએચ હોર્મોન, આયોડિનને થાઇરોઇડ હોર્મોનમાં રૂપાંતરિત કરવા માટે ગ્રંથિમાં આયોડિનના ઉત્પાદનને અસર કરે છે, અને હોર્મોન્સનું ઉત્પાદન અને લોહીના પરિભ્રમણમાં તેના પ્રવાહને અસર કરે છે. મૂળરૂપે આ રોગ ખોરાક અને જીવનશૈલીથી સંબંધિત છે.",આપણી જીવનશૈલી હાયપોથાઇરોડનું મુખ્ય કારણ માનવામાં આવે છે. બેઠાડુ જીવનશૈલી અને જંક ફૂડનો વધુ પડતો ઉપયોગ મોટાભાગના ડોકટરો દ્વારા માનવામાં આવે છે.,"- નાળિયેર તેલમાં આવશ્યક ફેટી એસિડ હોય છે, જે થાઇરોઇડને નિયંત્રણમાં રાખે છે. સારવાર માટે, દૈનિક ભોજનમાં નાળિયેર તેલનો ઉપયોગ કરો. શક્ય હોય તો દરરોજ એક ગ્લાસ દૂધ નાળિયેર તેલમાં મિક્સ કરો.                      - થાઇરોઇડની સમસ્યાનો સામનો કરવા માટે વિટામિન ડી ખૂબ મહત્વનું છે. આ માટે દરરોજ ઓછામાં ઓછી 15 મિનિટ તડકામાં બેસો. આનાથી શરીરમાં કેલ્શિયમનું પ્રમાણ પણ વધે છે.                                                  - કાળો અખરોટ એ આયોડિન અને મેંગેનીઝ જેવા ખનિજોના ઉચ્ચ સ્ત્રોત છે. આ ખનિજ થાઇરોઇડ ગ્રંથિને યોગ્ય રીતે કાર્ય કરવા પ્રેરે છે. કાળા અખરોટ પણ દરરોજ ખાઈ શકાય છે.                                                         - હાઇ કેલરી ફૂડ ટાળો","હાઇપો થાઇરોઇડથી બચવા માટે સૌથી મહત્વપૂર્ણ એ છે કે તંદુરસ્ત અને કાર્યાત્મક જીવનશૈલી અપનાવી. આ સાથે, નીચે આપેલા મુદ્દાઓને ધ્યાનમાં રાખવું પણ મહત્વપૂર્ણ છે:                - વ્યાયામ: દરરોજ એક કલાક માટે કોઈપણ પ્રકારની કસરત પ્રકાશ અથવા ઝડપી કરો.    - જો હાયપોથાઇર ofઇડના કોઈ લક્ષણો જોવા મળે છે, તો રક્ત પરીક્ષણ તરત જ થવું જોઈએ અને ડ doctorક્ટરની સલાહથી, હાયપોથાઇર medicineઇડ દવા શરૂ કરવી જોઈએ."
ઇમ્પેટીગો,,,,
કમળો (પીળો તાવ),"પીળો તાવ એ એક ઝડપી ચેપી તાવ છે જે અચાનક શરૂ થાય છે. આ રોગનું કારણ એક માઇક્રોબાયલ વાયરસ છે, જે એડીસ ઇજીપ્ટી જાતિના મચ્છર દ્વારા ફેલાય છે."," પીળો તાવ(કમળો) ના કારણો
- આંદ્ર, બ્લડ દસ્તાવેજ, બ્લડ્ર्राટ્રવ, પિત્તિત મૂત્ર, રક્તચાપની ઓછી અને નારીની શિથિલતા,
- નિશ્ચિતતા હોવું
- કોફીની રંગની મિતલી આના,
- ઝુક સ્થિતિમાં મૂત્ર આના બંધ હોવું.
- ઠંડકની સાથે બુખાર આના,
- પિલિયા જાઓ,
- શરીરમાં પીડા હોવું
- સીર પીડા","પીળો તાવ એ પીળા તાવના ચેપને લીધે થતો ખતરનાક રોગ છે, પરંતુ તેના માટે ઘણા ઉપાયો છે જે તેને નિયંત્રિત કરી શકે છે. પીળો તાવ અથવા પીળો તાવ સ્ત્રી મચ્છરના કરડવાથી થાય છે. પીળા તાવમાં, દર્દીને યકૃતને નુકસાન અથવા કમળો થવાનું જોખમ રહેલું છે. ઉપરાંત, દર્દીને omલટી થઈ શકે છે. પીળા તાવથી છૂટકારો મેળવવાના ઘણા ઘરેલું ઉપાય છે, જેથી તેનો કુદરતી રીતે ઉપચાર થઈ શકે.
1. તુલસીનો છોડ અને કાળા મરી (Basil and Black Pepper)
મરી પીળા તાવની સારવારમાં ખૂબ અસરકારક સાબિત થઈ રહી છે.અડધા લિટર નિસ્યંદિત પાણીમાં તુલસીના કેટલાક પાન મૂકો અને ઉકળવા દો. આ પાણીમાં અડધી ચમચી કાળા મરીનો પાઉડર નાખો. જ્યાં સુધી તે રંગ બદલાતો ન હોય ત્યાં સુધી આ પાણીને ઉકળવા દો. આ પાણી પીળા તાવને જ ઓછું કરે છે પરંતુ ત્વરિત antર્જા પણ આપે છે. આ પાણીમાં ત્રણ ચમચી મધ પણ ઉમેરી શકાય છે. દિવસમાં બે વાર પીવો.
2. ડુંગળી (Onion)
કાચી ડુંગળી લો અને બે કાપી લો. તેને પકાવવાની નાની ભઠ્ઠીમાં મૂકો અને તેને લગભગ 15 મિનિટ માટે 400 ડિગ્રી પર બેક કરો. આમ કરવાથી ડુંગળીનો રસ સરળતાથી દૂર થઈ જાય છે. આ રસમાં થોડા ટીપાં મધ નાખો. પીળા તાવથી છૂટકારો મેળવવા માટે આ મિત્રનો ઉપયોગ કરો.
3. લસણ (Garlic)
ડિહાઇડ્રેશન વારંવાર ઉલટી થવાના કારણે થાય છે, જે સામાન્ય રીતે શરીરને નબળા બનાવે છે અને શરીરની પ્રતિરક્ષા ઘટાડે છે. લસણ એન્ટી વાઇરલ, એન્ટી બેક્ટેરિયલ અને એન્ટી ઓક્સિડેન્ટ ગુણધર્મો માટે જાણીતું છે. લસણ રોગપ્રતિકારક શક્તિને મજબૂત બનાવવા તેમજ શરીરને વાયરલ અને બેક્ટેરિયલ ચેપથી સુરક્ષિત કરવામાં સક્રિય ભૂમિકા ભજવે છે. છથી દસ લસણની લવિંગ લો અને તેમને ભૂકો કરો. તમે આ લસણને આની જેમ ખાઈ શકો નહીં તો મધ ઉમેરીને સવારે ખાઈ શકો છો.
4. નાળિયેર પાણી (Coconut water)
પીળા તાવમાં ડિહાઇડ્રેશનથી બચવા માટે નાળિયેર પાણી ખૂબ ફાયદાકારક છે. તે શરીરને હાઇડ્રેટ કરે છે અને અન્ય પોષક તત્ત્વો પૂરા પાડે છે. દિવસમાં ઓછામાં ઓછા ત્રણથી ચાર વખત નાળિયેર પીવો.
5. શેરડીનો રસ (Sugarcane Juice)
ડિહાઇડ્રેશન એ પીળા તાવનું સૌથી જોખમી લક્ષણ છે. આવી સ્થિતિમાં શેરડીનો રસ નબળા શરીરને શક્તિ આપે છે. શેરડીનો રસ નિર્જલીકૃત શરીર માટે જરૂરી વિટામિન અને ખનિજો પૂરા પાડી શકે છે. શેરડીનો રસ શરીરના સ્નાયુઓને ગ્લુકોઝ પૂરો પાડે છે. શેરડીનો રસ શરીરમાં જરૂરી પ્રોટીનની ઉણપને પૂરી કરવા માટે દિવસમાં ત્રણ વખત ઉપયોગ કરી શકે છે.
6. જવ પાણી અથવા જૌ કા પાની (Barley Water or Jau ka pani)
જવ આખું અનાજ છે જેમાં સ્વસ્થ જીવનશૈલી માટે તમામ જરૂરી પોષક તત્વો હોય છે. જવમાં વિટામિન બી 1, બી 2, બી 5, 9 અને વિટામિન ઇ હોય છે. તે પીળા તાવથી પીડાતા દર્દીના બળતરા અને શરીરના ઉચ્ચ તાપમાનને ઘટાડે છે. દિવસમાં ત્રણ વખત જવનું પાણી પીવાથી પીળા તાવમાં રાહત મળે છે.
7. લીંબુ અને મીઠું (Lemon and Salt)
પીળા તાવથી પીડિત વ્યક્તિને ડિહાઇડ્રેશનની સમસ્યા થાય છે. આવી સ્થિતિમાં વ્યક્તિ વધુ થાક અનુભવે છે. એક ગ્લાસ પાણીમાં લીંબુના રસના થોડા ટીપાં પીવાથી પીળા તાવમાં રાહત મળે છે. આ લીંબુના પાણીમાં એક ચપટી મીઠું નાખો. આ પાણી ડિહાઇડ્રેશનની અભાવને પરિપૂર્ણ કરે છે અને દર્દીને તાકાત આપે છે.",
મેલેરિયા,દર વર્ષે ઘણા લોકો મલેરિયા તાવના કારણે પોતાનો જીવ ગુમાવે છે. ગંદા પાણીમાં ઉછરેલા મચ્છરોના કરડવાથી રોગ વિશેની માહિતી ખૂબ અસરકારક છે.,- સમયસર પીવાના પાણીમાં ફેરફાર ન કરો.                                                                                                              - વસવાટ કરો છો વિસ્તારની આસપાસ ગંદકી.                                                                                                           - જળ સંચય.                                                                                                                                                - મચ્છર ઇંડા એકઠા,- લીંબુનો રસ ગરમ પાણી સાથે પીવાથી તાવની તીવ્રતા ઓછી થાય છે.                                                      - તાવ ન આવે ત્યારે તુલસીના પાંદડાના 10 ગ્રામના રસમાં અડધી ચમચી કાળા મરીનો પાઉડર ચાટવો. તેનાથી મેલેરિયા તાવ સમાપ્ત થાય છે.                                                                                                           - એક ગ્લાસ પાણીમાં 10 ગ્રામ આદુ અને 10 ગ્રામ સુકા દ્રાક્ષ નાખો અને તેને અડધા સુધી ઉકાળો. ઠંડુ થાય ત્યારે પીવો.,"- હરિતદ્રવ્ય- મેલેરિયામાં એન્ટિ મેલેરિયલ દવા આપવામાં આવે છે. આ દવાઓને આડઅસર થઈ શકે છે, તેથી ડ doctorક્ટરની સલાહ લીધા વગર તેને ન લો.                             -  દર્દીને સંપૂર્ણ આરામ કરવાની મંજૂરી આપો. દર છ કલાકે તેને મેલેરિયામાં પેરાસીટામોલ આપો અને પાણી અને પ્રવાહી વસ્તુઓ (લીંબુ પાણી, છાશ, નાળિયેર પાણી વગેરે) પીવો.
મેલેરિયા તાવ દરમિયાન બાળકોની વિશેષ કાળજી લો.
- બાળકો નાજુક હોય છે અને તેમની રોગપ્રતિકારક શક્તિ નબળી હોય છે, તેથી રોગ તેમને ઝડપથી પકડે છે. આવી સ્થિતિમાં, તેમની માંદગીને અવગણશો નહીં.                              - બાળકોને મચ્છરની સીઝનમાં શોર્ટ્સ અને ટી-શર્ટ ન પહેરશો.
- રાત્રે મચ્છર નિવારક ક્રીમ લગાવો."
,,,,
અસ્થિવા,,,,
લકવો (મગજ હેમરેજ),,,,
પેપ્ટીક અલ્સર ડીઆઈ,,,,
ન્યુમોનિયા,આપણા દેશમાં એક રોગથી ન્યુમોનિયાથી જેટલા મોત નથી થયા. ન્યુમોનિયાની રોકથામ અને સારવાર ખૂબ highlyક્સેસિબલ છે પરંતુ ઘણીવાર લોકો પાસે તેની માહિતી હોતી નથી. ન્યુમોનિયા વિશેની બધી બાબતો જાણો.,"- બેક્ટેરિયા
- વાયરસ
- ફૂગ
આ ઉપરાંત, કેટલાક રસાયણો અને ફેફસાની ઇજાને કારણે ન્યુમોનિયા પણ થાય છે.","અન્ય કોઈ રોગની તુલનામાં ન્યુમોનિયા (Pneumonia) એ મૃત્યુનું મુખ્ય કારણ છે.
ન્યુમોનિયા મૂળભૂત રીતે ફેફસામાં (Lungs) ચેપને કારણે થાય છે.
પહેલેથી જ બીમાર લોકોની રોગપ્રતિકારક શક્તિ (Immune System) પહેલાથી જ નબળી છે, તેથી તેઓ તંદુરસ્ત લોકો કરતા ન્યુમોનિયા થવાની સંભાવના વધારે છે.
ન્યુમોનિયા માટે ઘરેલું ઉપાય (Home Remedies For Pneumonia)
- હળદર, કાળા મરી, મેથી અને આદુ જેવા દૈનિક ઉપયોગના ખોરાક ફેફસાં માટે ફાયદાકારક છે.
- તલ બીજ ન્યુમોનિયાના ઉપચારમાં પણ મદદગાર છે. 300 ગ્રામ પાણીમાં 15 ગ્રામ તલ, એક ચમચી સામાન્ય મીઠું, એક ચમચી
- દરરોજ અળસી અને એક ચમચી મધનો ઉપયોગ કરવાથી ફેફસામાંથી કફ આવે છે.
- આદુનો તાજો રસ કે ચૂસવાથી પણ ન્યુમોનિયામાં રાહત મળે છે.
- થોડું નવશેકું પાણી સાથે મધ લેવાથી ફાયદો થાય છે.
ગરમ ટર્પેન્ટાઇન તેલ અને કપૂરના મિશ્રણથી છાતીની માલિશ કરવાથી ન્યુમોનિયાથી રાહત મળે છે.
- દર્દીનો ઓરડો સ્વચ્છ અને ગરમ હોવો જોઈએ. ઓરડામાં સન લાઇટ આવવી જ જોઇએ.
- દર્દીના શરીરને ગરમ રાખો, ખાસ કરીને છાતી અને પગ.
- ન્યુમોનિયામાં પણ તુલસી ખૂબ ઉપયોગી છે. કાળા મરીની ચપટીમાં કેટલાક તાજા તુલસીના પાનનો રસ નાંખો અને દર છ કલાક પછી આપો.","- દર્દીને સ્વચ્છ રૂમમાં રાખો. ધ્યાનમાં રાખો કે દર્દીના ઓરડામાં સૂર્યપ્રકાશ આવવો જ જોઇએ.
- શરીરને, ખાસ કરીને છાતી અને પગને ગરમ રાખવા માટે, ઓરડાને ગરમ રાખો અને દર્દીને સારી રીતે ઢાંકી દો.
- છાતીમાં દુખાવો અને અગવડતા દૂર કરવા માટે, એક ચમચી લસણનો રસ લઈ શકાય છે.
- ન્યુમોનિયામાં પણ તુલસી ખૂબ ઉપયોગી છે. કાળા મરીને તુલસીના કેટલાક તાજા પાનના રસ સાથે પીસીને દર છ કલાકે મિક્સ કરો.
- મોટે ભાગે : ન્યુમોનિયાની (Pneumonia) સારવાર ડોક્ટરની દેખરેખ હેઠળ, હોસ્પિટલમાં દાખલ કર્યા વિના થઈ શકે છે.
- ખાસ કરીને, મૌખિક એન્ટિબાયોટિક્સ, આરામ, પ્રવાહી પીણા અને ઘરની સંભાળ સંપૂર્ણ આરોગ્ય માટે પૂરતી છે."
સોરિયાસીસ,"સોરિયાસીસએ ત્વચાની ઉપરની સપાટીનો એક ત્વચા રોગ છે, જેના કારણે ત્વચામાં કોષોની (Cells) સંખ્યા વધે છે અને ત્વચા પર જાડા સ્તરની રચના થાય છે. સોરિયાસીસ રોગમાં, લાલ રંગની સપાટી સામાન્ય રીતે ત્વચા પર બહાર આવે છે. તે ખોપરી (Scalp) ઉપરની ચામડી, હાથથી પગ અથવા હાથની હથેળીઓ પર, પગના પગના કોષો, ઘૂંટણ અને પાછળના ભાગમાં વધુ છે. સોરિયાસીસ (Psoriasis) એ ચેપી રોગ નથી. દર્દીના સંપર્કથી અન્ય લોકોને કોઈ ભય નથી.","સોરિયાસીસ રોગ (A type of Skin Infection) ના મુખ્ય કારણોને બે જ માનવામાં આવે છે, એક આનુવંશિક અને બીજું પર્યાવરણ.
સોરિયાસીસના મુખ્ય કારણો (Main Causes of Psoriasis):
આનુવંશિક: ડોકટરો માને છે કે સોરિયાસીસ આનુવંશિક કારણોથી પણ આવી શકે છે.
પર્યાવરણ: સોરિયાસીસ રસાયણો અને પ્રદૂષણના સતત સંપર્કને કારણે પણ થઈ શકે છે. શિયાળામાં આ રોગ વધુ જોવા મળે છે. લાંબા સમય સુધી તડકામાં રહેવાને કારણે પણ આ રોગ થઈ શકે છે.","ત્વચા રોગોમાં સોરિયાસીસ એ સૌથી ક્રોનિક અને ગંભીર રોગ છે. આ લોહીની અચોક્કસતા અને વધુ શુષ્ક ત્વચાને કારણે છે. સોરિયાસીસથી પીડાતા દર્દીઓ જીવનમાં ભાવનાત્મક સ્તરે ખૂબ નકારાત્મક લાગવાનું શરૂ કરે છે. તેમના મનમાં હંમેશાં મૂંઝવણની ભાવના રહે છે કે તેમના હાથ, પગ અથવા ત્વચાના કોઈપણ ભાગ પર સોરિયાસીસ છે. ઘણા દર્દીઓ બહાર જવાનું બંધ પણ કરે છે. જ્યારે તેઓએ આમ ન કરવું જોઈએ. વધુ સારી સંભાળ અને સારી સારવાર આ રોગ દરમિયાન પણ તમને સારું લાગે છે.
સોરિયાસીસમાં ચામડીમાં તીવ્ર ખંજવાળ આવે છે, ખંજવાળ આવે છે અને ક્યારેક દુખાવો થાય છે. કેટલીકવાર, ત્વચા પર ફોલ્લીઓ અને ફ્લેક્સ પણ બહાર આવે છે. જે સુકાઈ જાય ત્યારે પોપડાની જેમ ક્ષીણ થવા લાગે છે. સોરિયાસીસ માટે કોઈ નક્કર ઉપાય નથી, કેટલાક ઘરેલું ઉપચારો તેના લક્ષણોને ચોક્કસપણે ઘટાડે છે પરંતુ કાયમ માટે છૂટકારો મેળવતા નથી.
સોરિયાસીસ માટે ઘરેલું ઉપાય (Home remedies for Psoriasis):
લ્યુક્વાર્મ વોટરમાં સ્નાન કરો (Bath in Lukewarm Water):
નવશેકું પાણીમાં તેલ, ઓટમીલ, પથ્થર મીઠું મિક્સ કરો અને બાથટબમાં 15 મિનિટ માટે બેસો. બહાર નીકળ્યા પછી, આખા શરીરમાં નર આર્દ્રતા લગાવો. આ ત્વચાની શુષ્કતાને ઘટાડશે અને ત્વચાને પોપડો નહીં બનાવે.
ભેજયુક્ત (Moisturizer):
સોરિયાસીસમાં ત્વચા તરત જ શુષ્ક થઈ જાય છે અને ખંજવાળ અને ખંજવાળ આવવાનું વલણ પણ થવા લાગે છે. તેનાથી બચવા માટે હંમેશાં ત્વચામાં ભેજ જાળવો. ત્વચાને ઝડપથી સુકાવા દો નહીં. હંમેશાં આખા શરીરમાં નર આર્દ્રતાની પેસ્ટ લગાવો.
કુટકી ચિરૌતા (Kutki Chirauta):
લોહીની અચોક્કસતાને લીધે થતાં તમામ રોગો માટે કટકી ચિરુટા એ રામબાણ છે. તે પીવામાં ખૂબ કડવું છે અને પીવાથી ઉલટી થઈ શકે છે અથવા ઉબકા થઈ શકે છે, પરંતુ તે ખૂબ અસરકારક છે.
ચાર ગ્રામ ચિરોટા અને ચાર ગ્રામ કુટકી લો, એક ગ્લાસ અથવા ખાંડના વાસણમાં અડધો ગ્લાસ પાણી નાખો અને તેને આખી રાત પલાળી રાખો. રાત્રે પલાળેલા ચિરુતા અને કુટકીનું પાણી સવારે ઉઠાવો અને તેને કપડાથી ગાળી લો અને પીધા પછી 3-4 કલાકો સુધી કંઈ જ ખાવું નહીં. સોરિયાસીસ, બોઇલ્સ, પિમ્પલ્સ અને પેટના કીડા સતત ચાર અઠવાડિયા સુધી જીવાત અને બદામ પીવાથી નાશ પામે છે. તે લોહીને શુદ્ધ કરે છે.","ત્વચાની સંભાળ એ સ psરાયિસસ નિવારણ અને સારવારનું પ્રથમ કેન્દ્ર છે. સોરિયાસીસના કિસ્સામાં નીચેના પગલાં પણ ફાયદાકારક છે:
- જો સોરિયાસીસના લક્ષણો જોવા મળે છે, તો નિષ્ણાત ડોક્ટરની સલાહ લો અને તેની સૂચનાઓનું પાલન કરો.
- સોરિયાસીસના દર્દીઓ હળવા રહેવા જોઈએ. કારણ કે તાણ સીધા સ સોરિયાસીસને અસર કરે છે અને રોગના લક્ષણોમાં વધારો કરે છે.
- ત્વચાને ખુબ સુકી થવાથી રાખો જેથી ખંજવાળ ન આવે.
જો રોગની તીવ્રતા ન હોય તો, સામાન્ય રીતે ક્રીમ વગેરે સાથે, રોગ નિયંત્રણમાં રહે છે. પરંતુ કેટલીકવાર મોં દ્વારા લેવામાં આવતી એન્ટિસોરિક અને સપ્રમાણ દવાઓનો ઉપયોગ કરવો જરૂરી છે. આજકાલ અલ્ટ્રાવાયોલેટ લાઇટની સારવાર માટેની પદ્ધતિ પણ ખૂબ ઉપયોગી અને ફાયદાકારક બની રહી છે.
- ત્વચા કેન્સર
- અફારા"
ક્ષય રોગ,"માયકોબેક્ટેરિયમ ક્ષય રોગ નામના બેક્ટેરિયમથી થાય છે. ટીબી આ રોગ અન્ય ઘણા નામોથી જાણીતો છે, જેમ કે ક્ષય રોગ, ક્ષય રોગ અને ક્ષય રોગ.","- ત્યાં પણ ટીબી દર્દીનો થૂંક તેના સ્વસ્થ વ્યક્તિના શરીરમાં પ્રવેશ કરે છે અને તેને દર્દી બનાવે છે.
- ટેક્સટાઇલ મિલોમાં કામ કરતા કામદારો અથવા તંતુઓના સંપર્કમાં રહેલા લોકો,
- વણકર, ધૂળના સંપર્કમાં આવતા લોકો અને ડાર્ક ઓરડાઓ અથવા યુક્તિઓમાં રહેતા લોકો પણ આ રોગનો ભોગ બને છે.
- જે લોકો દારૂ પીવે છે, ધૂમ્રપાન કરે છે અને રોગગ્રસ્ત પ્રાણીઓનું માંસ ખાય છે તે પણ ટીબીનો શિકાર બની શકે છે.
અજાણતાં, વ્યક્તિ દર્દીના લોહીને બીજા કોઈ રોગના શરીરમાં સ્થાનાંતરિત કરીને રોગગ્રસ્ત થઈ જાય છે.","1. લસણ - લસણ સલ્ફ્યુરિક એસિડથી સમૃદ્ધ છે, જે ટીબીના જંતુઓનો નાશ કરવામાં સક્ષમ છે. આ ઉપરાંત, લસણમાં એલિસિન અને એઝોન (અગાઉની) પણ હોય છે, જે ટીબીનું કારણ બનેલા સૂક્ષ્મજંતુઓનો નાશ કરવાનું કામ કરે છે. એટલું જ નહીં, લસણના એન્ટીબેક્ટેરિયલ ગુણ પણ રોગપ્રતિકારક શક્તિમાં વધારો કરે છે.કેવી રીતે ઉપયોગ કરવો અડધો ચમચી લસણ, એક કપ દૂધ અને ચાર કપ પાણી સાથે ઉકાળો. જ્યાં સુધી મિશ્રણ એક ચોથું ન રહે ત્યાં સુધી તેને ઉકાળો. દિવસમાં ત્રણ વખત આ મિશ્રણ પીવો.ગરમ દૂધ સાથે લસણનો રસ પણ પી શકાય છે. આ પછી પાણી પીશો નહીં.ગરમ દૂધમાં લસણ ઉકાળો. આ પછી, લસણ ચાવવું અને બાકીનું દૂધ પીવો.                                                                                                                                                                                           2. કેળા - કેળા પોષક તત્વો અને કેલ્શિયમનો ખૂબ સારો સ્રોત છે. તે ટીબી દર્દીની રોગપ્રતિકારક શક્તિ વધારવામાં મદદગાર છે. આ સાથે તે તાવ અને કફથી પણ રાહત આપે છે.કેવી રીતે ઉપયોગ કરવો એક પાકેલા કેળાને એક કપ નાળિયેર પાણીમાં નાંખો અને મિક્સ કરો. આ પછી દહીં અને મધ નાખો. દિવસમાં બે વાર ખાઓ.કાળા કેળા નો રસ બનાવો અને દરરોજ પીવો.કેળાની દાંડીને રસ બનાવીને પણ પી શકાય છે.                                                                                                                                                       3. આમલા - આમલામાં બળતરા વિરોધી અને એન્ટીબેક્ટેરિયલ ગુણ હોય છે. જે શરીરની રોગપ્રતિકારક શક્તિને મજબૂત બનાવે છે અને શરીરને શક્તિ પ્રદાન કરે છે.કેવી રીતે ઉપયોગ કરવો આમળાના દાણા કા Takeો, તેનો રસ બનાવો અને તેમાં એક ચમચી મધ નાખીને સવારે પી લો.                                                                                                              
4. નારંગી - નારંગીમાં આવશ્યક ખનિજો અને સંયોજનો પણ હોય છે. નારંગીમાં હાજર ખારી શરીરને ચેપથી બચાવે છે તેમ જ રોગપ્રતિકારક શક્તિને મજબૂત બનાવે છે.કેવી રીતે ઉપયોગ કરવો તાજા નારંગીના રસમાં થોડું મીઠું અને મધ મિક્સ કરીને રોજ રોજ પીવો. નારંગી તેને કાપી નાંખે તેના પર મીઠું છંટકાવ કરી છાલ કરી ખાઈ શકાય છે.                                                                                                                                                                                                                                                                       
5.કસ્ટર્ડ સફરજન - શરીફા ટીબીની સારવાર માટે પણ ખૂબ ફાયદાકારક છે. કસ્ટાર્ડ સફરજનનો પલ્પ બહાર કા .ો અને તેને ખાઓ.કેવી રીતે ઉપયોગ કરવો બે શરીફનો પલ્પ કા Takeો અને તેને પાણીમાં ઉકાળો, તેની સાથે પચીસ કિસમિસ ઉકાળો. જ્યારે પાણી એક તૃતીયાંશ રહે છે, તેને ગાળી લો અને તેમાં પાઉડર ખાંડ નાખો. આ પીણામાં ઇલાયચી અને તજ મિક્સ કરીને દિવસમાં બે વાર પીવો.                                                                                                                                                                               6. કાળા મરી - કાળા મરી ફેફસાંને સાફ કરવામાં મદદ કરે છે. જે ટીબી દરમિયાન છાતીના દુખાવામાં રાહત આપે છે. આ ઉપરાંત, તે ટીબીના સૂક્ષ્મજંતુઓને પણ મારવાનું કામ કરે છે.કેવી રીતે ઉપયોગ કરવો માખણમાં આઠથી દસ કાળા મરી ફ્રાય કરો. એક ચપટી હિંગ નાંખો અને પાવડર બનાવો. મિશ્રણને ત્રણ સમાન ભાગોમાં વહેંચો. થોડા કલાકોના અંતરાલમાં આની માત્રા લો.
7. અખરોટ - અખરોટ ટીબીના દર્દીઓને શક્તિ આપે છે, તેમની પ્રતિરક્ષા વધે છે અને ઝડપથી પુન .પ્રાપ્ત કરવામાં પણ મદદ કરે છે.કેવી રીતે ઉપયોગ કરવો વોલનટ પાવડરમાં લસણના કેટલાક લવિંગ મિક્સ કરી ક્રશ કરી લો. સ્પષ્ટ માખણ ઉમેરો અને ખાય છે.
અખરોટ પણ આ રીતે ખાઈ શકાય છે, અથવા તેના પાવડરને સલાડમાં ખાઈ શકો છો.
8. ટંકશાળ - પેપરમિન્ટમાં હાજર એન્ટીબેક્ટેરિયલ ગુણધર્મોને કારણે, તેમાં ટીબી રોગ મટાડવાની અદભૂત મિલકત પણ છે.કેવી રીતે ઉપયોગ કરવો એક ચમચી ફુદીનાના રસમાં બે ચમચી મધ ઉમેરો, આ દ્રાવણમાં માલ્ટ વિનેગર અને અડધો કપ ગાજરનો રસ ઉમેરો. દિવસભર આ સોલ્યુશન થોડા કલાકો સુધી પીવો.","- જો તમને ત્રણ કે તેથી વધુ અઠવાડિયાથી ખાંસી આવી રહી છે, તો બે વખત કફની તપાસ કરો. આ પરીક્ષણો મફતમાં સરકારી કફ માઇક્રોસ્કોપ કેન્દ્રો પર કરવામાં આવે છે.
- જણાવેલ સમગ્ર સમયગાળા માટે, બધી દવાઓ નિયમિતપણે લો.
- ખાંસી અથવા છીંક આવે ત્યારે રૂમાલનો ઉપયોગ કરો."
ટાઇફોઇડ,"ટાઇફોઇડ અથવા આંતરડાના તાવ એ ગંભીર રોગ છે. આ રોગમાં, દર્દીને તીવ્ર તાવ, ઉલટી અને ઝાડા થાય છે. ટાઇફોઇડને જીવલેણ રોગ માનવામાં આવે છે. આવો, તેના વિશે વધુ જાણો.","માનવામાં આવે છે કે ટાઇફોઇડ મોટાભાગે ગંદકીને કારણે ફેલાય છે. શૌચ પછી, ચેપગ્રસ્ત વ્યક્તિ દ્વારા હાથ યોગ્ય રીતે ન ધોવા અને ખોરાક બનાવવો અથવા ખોરાકને સ્પર્શ કરવો પણ આ રોગ ફેલાવી શકે છે. કેટલાક અન્ય કારણો છે:                                                        - જ્યાં રોગ છે ત્યાં કામ કરવું અથવા મુસાફરી કરવી.                                                                                                    - ખોટી જીવનશૈલીને કારણે શરીરની રોગપ્રતિકારક શક્તિની નબળાઇ.                                                                                 - બેક્ટેરિયા સાથે પીવાના પાણીનું પ્રદૂષણ.                                                                                                                - શૌચક્રિયા પછી સ્વચ્છતાની કાળજી લેશો નહીં.","ઠંડા પાણીમાં કાપડ પલાળીને શરીરને સાફ કરો. આ સિવાય માથા પર ઠંડા પાણીની પટ્ટીઓ રાખવી પણ ફાયદાકારક છે અને શરીરનું તાપમાન ઓછું છે. સમયે સમયે કપડાં બદલવા જોઈએ. સામાન્ય તાવ માટે આ ખૂબ જ સારી પ્રક્રિયા છે જે તાપમાનમાં વધારો થવા દેતી નથી.ટાઇફાઇડ તાવ માટે પણ તુલસી શ્રેષ્ઠ દવા છે. તેના એન્ટીબેક્ટેરિયલ અને એન્ટીબાયોટીક ગુણધર્મો બેક્ટેરિયાને દૂર કરે છે, જે તાવને ઝડપથી મટાડે છે.","- ડોક્ટરની સલાહ લઈને લોહીની તપાસ કર્યા પછી જ ડોક્ટરની સલાહ પ્રમાણે સારવાર કરો.               - ટાઇફોઇડ દવાઓ ન છોડો. તાવમાં પેરાસીટામોલનો ઉપયોગ.                                                             - શરીરમાં પાણીનો અભાવ ન થાય તે માટે, દર્દીને પૂરતા પ્રમાણમાં પાણી અને અન્ય પ્રવાહી આપો.                      - દર્દીની આસપાસ સ્વચ્છતાની વિશેષ કાળજી લો."
પેશાબની નળીઓનો વિસ્તાર ચેપ,,,,
કાયમની અતિશય ફૂલેલી નસો,,,,
હીપેટાઇટિસ એ,,,,
ઓરી,ઓરી એક ખૂબ જ ચેપી રોગ છે. ઓરીને ઓરી વાયરસ દ્વારા ફેલાવવામાં આવે છે. આને કારણે દર્દીને પહેલા ગળા ખરાબ અને પછી તાવ આવે છે.,"- લાલાશ, સોજો, સ્ટીકીનેસ, ખંજવાળ, પાણીવાળી આંખો.
- ખાંસી અને શરદી
- ગળામાં દુખાવો છે.
- ચાર દિવસનો તાવ, તાવ 40 ° સે (104 ° ફે) સુધી પહોંચી શકે છે.
- ત્રણેય સી-ઉધરસ, વહેતું નાક (કોરીઝા) અને નેત્રસ્તર દાહ (નેત્રસ્તર દાહ).
- બાળક વારંવાર રડે છે.
- શરીરમાં ભંગાણ, થાક, ચીડિયાપણું છે.",ઓરીને રોકવાનો શ્રેષ્ઠ રસ્તો એ છે કે દર્દીનો સંપર્ક ટાળવો.,"- અસરગ્રસ્ત બાળક / દર્દીને એકાંતમાં રાખો, ખાસ કરીને જ્યારે ફોલ્લીઓ સુકાઈ જાય છે અને પોપડો દૂર થાય છે.
- દરરોજ તાજા પાણીથી સ્નાન કરો, સાબુ વગર, અનાજને વધુ ઘસશો નહીં.
- છૂટક, કપાસ, સફેદ કપડાં પહેરો અને રોજ બદલો.
દેશી ઘીની માલિશ કરો અને તાવના ધસારામાં જાડા સુતરાઉ કાપડને પાણીમાં પલાળી નાખો.
મો અને દાંત સાફ રાખવા માટે થોડું લાલ દવા (પોટેશિયમ પરમેંગેનેટ) નવશેકા પાણીમાં કોગળા કરો.
- આંગળીઓના જોરે દાંત સાફ ન કરો.
- દરરોજ બેડશીટ બદલો.
- ખોરાકમાં સામાન્ય, હળવા, સુપાચ્ય ખોરાક આપો.
- ખારી ચીજોને ઓછી માત્રામાં આપો, જેનાથી ખંજવાળ નથી આવતી.
સ્પિનચ, ગાજર વગેરે જેવા વધુ વિટામિનયુક્ત પદાર્થો આપો.
- સૂતી વખતે આંખોમાં ગુલાબજળ ઉમેરો. સવારે ઉઠ્યા પછી હળવા પાણીમાં બોરિક પાવડર નાખો અને કપાસને ધીરે ધીરે પલાળી લો અને આંખો ધોઈ લો.
- ખાતરી કરો કે દર્દીનો ઓરડો ખૂબ ઠંડો, ગરમ અથવા ભીના ન હોય.
- જો ઓરીની શંકા છે, તો લેવી જરૂરી છે. આનાથી બચવા માટે બાળકોનું રસીકરણ એ એકમાત્ર રસ્તો છે."
અપચો,"પાચન દરમિયાન પેટમાં ગેસની રચના એ સામાન્ય પ્રક્રિયા છે. શરીરની અન્ય પ્રક્રિયાઓની જેમ, પેટમાં ગેસની રચના અને બહાર નીકળવું એ પણ એક સામાન્ય પ્રક્રિયા છે.","- ખાટો ઉધરસ,
- ખોરાક અથવા ખાટા પાણી (એસિડ) મોં માં આવે છે,
- ગળામાં  દુખાવાની લાગણી અને શ્વાસની ફરિયાદ,
- છાતીના નીચેના ભાગમાં દુખાવો થવો અને ઉલટી થવી જેવી લાગણી,
પ્રકૃતિમાં ચીડિયાપણું,",,"ઉપચાર સાથે તમારી જીવનશૈલીમાં પરિવર્તન કરીને ગેસ ટ્રીટમેન્ટથી રાહત મેળવી શકાય છે.
- ગેસ્ટ્રિક દર્દીઓની સુરક્ષા માટે કેટલીક સાવચેતી રાખવી જોઈએ જેથી રોગ ન વધે.
- દિવસમાં 2 વખત મુખ્ય આહારને બદલે, થોડી માત્રામાં 3-4 વખત કરો.
- તાણ ન લો અને ઉતાવળ ટાળો, ગુસ્સા પર નિયંત્રણ કરો.
- કસરત અને ગરમ પાણી પીવાથી ગેસ્ટ્રિક દર્દીઓમાં પણ રાહત મળે છે."
હાથીપગાનો રોગ,"હાથીપગાનો રોગ, જેને હાથીના પગ અથવા ફીલ ફીટ તરીકે પણ ઓળખવામાં આવે છે, (એલિફન્ટિયાસિસ) વારંવાર હાથ અથવા પગ સોજો કરે છે. આ સિવાય, હાથીપગાનો રોગ બિમારીથી પીડિત વ્યક્તિના હાથમાં ક્યારેક સોજો હાથ, અંડકોષ, ક્યારેક સ્તનો વગેરે અથવા અન્ય અવયવો હોઈ શકે છે. સામાન્ય ચર્ચામાં, તેને હાથીપાઓન (હાથીપાઓન હાથીપાઓન) પણ કહેવામાં આવે છે.","- એક અથવા વધુ હાથ અને પગની સોજો (મોટાભાગે પગમાં)
- કcપ્પી સાથે તાવ
- ગળામાં સોજો
- જનનાંગો અને જુગો વચ્ચે સુન્નતા અને દુખાવો
- પુરુષોના અંડકોષમાં બળતરા (હાઇડ્રોસિલ)
- પગ અને હાથની લસિકા વાહિનીઓ લાલ થઈ જાય છે.","1. લવિંગ - લવિંગ એ ફિલેરીઆસિસના ઉપચાર માટે ખૂબ અસરકારક ઘરેલું ઉપાય છે. લવિંગમાં હાજર ઉત્સેચકો તે પરોપજીવીની વૃદ્ધિ થાય છે જલદી મારે છે અને ખૂબ અસરકારક રીતે લોહીથી પરોપજીવીનો નાશ કરે છે. દર્દીઓ લવિંગમાંથી તૈયાર કરેલી ચાનું સેવન કરી શકે છે.
2. કાળા અખરોટનું તેલ - કાળા અખરોટનું તેલ એક કપ ગરમ પાણીમાં ત્રણથી ચાર ટીપાં ઉમેરીને પીવો. આ મિત્ર દિવસમાં બે વાર નશામાં હોઈ શકે છે. અખરોટમાં હાજર ગુણધર્મોને લીધે, લોહીમાં હાજર જંતુઓની સંખ્યા ઓછી થવા લાગે છે અને ધીમે ધીમે અદૃશ્ય થઈ જાય છે. ઝડપી પરિણામો માટે, આ ઉપાય દરરોજ ઓછામાં ઓછા છ અઠવાડિયા કરો.
ફૂડ - ફિલેરિયાસિસની સારવાર માટે, તમારા રોજિંદા આહારમાં લસણ, અનેનાસ, શક્કરીયા, શક્કરીયા, ગાજર અને જરદાળુ જેવા કેટલાક આહારનો સમાવેશ કરો. તેમાં વિટામિન એ હોય છે અને બેક્ટેરિયાને મારવા માટે વિશેષ ગુણધર્મો પણ છે.
4. આમળા - આમળા વિટામિન સીથી ભરપુર હોય છે. તેમાં એન્થેલ્મિન્ટિક પણ છે જે ઘાને ઝડપથી મટાડવામાં ખૂબ ફાયદાકારક છે. દરરોજ આમલાનું સેવન ચેપથી બચાવે છે.
અશ્વગંધા - અશ્વગંધ એ શીલાજિતનો મુખ્ય ભાગ છે, જેનો આયુર્વેદમાં ઘણા ઉપયોગ છે. અશ્વગંધાનો ઉપયોગ ફિલેરીઆસિસના ઉપચાર માટે પણ થાય છે.
બ્રહ્મી - બ્રહ્મી પ્રાચીન કાળથી ઘણા રોગોની સારવાર માટે વપરાય છે. ફિલેરિયાસિસની સારવાર માટે, બ્રહ્મીને પીસીને તેને લાગુ કરવામાં આવે છે. દરરોજ આ કરવાથી, દર્દી સોજો ઘટાડે છે.
7. આદુ - ફિલેરિયાસિસથી છુટકારો મેળવવા માટે, સૂકા આદુનો પાવડર અથવા સૂકી આદુ ગરમ પાણી સાથે દરરોજ પીવો. તેનો ઉપયોગ શરીરમાં હાજર પરોપજીવીઓનો નાશ કરે છે અને દર્દીને ઝડપથી સ્વસ્થ થવામાં મદદ કરે છે.
શંખપૂષ્પી - ફિલેરિયાની સારવાર માટે, શંખપૂષ્પીના મૂળને ગરમ પાણીથી પીસીને પેસ્ટ તૈયાર કરો. આ પેસ્ટને અસરગ્રસ્ત વિસ્તારમાં લગાવો. આ બળતરા ઘટાડવામાં મદદ કરશે.
9. કુલ્થી - કુલ્થી અથવા ઘોડા ગ્રામમાં કીડીઓ દ્વારા કાપેલી માટી અને ઇંડા આલ્બુમિનને મિક્સ કરો અને અસરગ્રસ્ત ક્ષેત્ર પર લાગુ કરો. આ પેસ્ટને અસરગ્રસ્ત વિસ્તારમાં દરરોજ લગાવો, સોજો મટે છે.
10. અગરવુડ - અગરને પાણીમાં ભેળવીને પેસ્ટ તૈયાર કરો. આ પેસ્ટને અસરગ્રસ્ત ક્ષેત્ર પર દરરોજ 20 મિનિટ માટે દિવસમાં બે વાર લગાવો. તે ઘાને ઝડપથી મટાડે છે અને બળતરા ઘટાડે છે. ઘામાં હાજર બેક્ટેરિયા પણ મરી જાય છે.
11. રોક મીઠું - શંખપુષ્પી અને સુકા આદુના પાવડરમાં પથ્થર મીઠું નાખીને, એક ચપટી પાણી ગરમ પાણી સાથે દિવસમાં બે વાર લો.","- મચ્છરોની રોકથામ એ હાથીપાઓન અટકાવવાનો મુખ્ય માર્ગ છે. ક્યુલેક્સ મચ્છર, જે ફાઈલરીઆસિસ ફેલાવે છે, સામાન્ય રીતે સાંજે અને સવારે કરડે છે.
- જે વિસ્તારમાં ફાઇલેરિયા ફેલાય છે ત્યાં તમારે મચ્છરના કરડવાથી પોતાને બચાવવું જોઈએ.
- પગ અને હાથને સંપૂર્ણ રીતે ઢાકતા કપડાં પહેરો.
જો જરૂરી હોય તો, પર્મેથ્રિનવાળા કપડાંનો ઉપયોગ કરો (પરમેથ્રિન એક સામાન્ય કૃત્રિમ રાસાયણિક જંતુનાશક છે). પર્મેથ્રિન ધરાવતા કપડાં બજારમાં ઉપલબ્ધ છે.
- મચ્છરને મારવા માટે જંતુના સ્પ્રે છાંટો.
- રોગની શરૂઆતના તબક્કે સારવાર શરૂ થવી જોઈએ."
રક્તપિત્ત,"રક્તપિત્ત એ એક લાંબી બિમારી છે જે માયકોબેક્ટેરિયમ લેપ્રાય અને માયકોબેક્ટેરિયમ લેપ્રોમેટોસિસ બેક્ટેરિયાથી થાય છે. તે મુખ્યત્વે માનવ ત્વચા, ઉપલા શ્વસન માર્ગના મ્યુકોસ મેમ્બ્રેન, પેરિફેરલ ચેતા, આંખો અને શરીરના કેટલાક અન્ય ભાગોને અસર કરે છે. જો કુશથ રોગની યોગ્ય સમયસર સારવાર ન કરવામાં આવે તો, રોગ વધી શકે છે, ત્વચા, ચેતા, હાથપગ અને આંખોને કાયમી નુકસાન પહોંચાડે છે.","ચહેરા, નિતંબ, શરીરના અન્ય ભાગો પર ઘણી બધી લાલ, નિસ્પષ્ટ અથવા ટચલેસ ફોલ્લીઓ, નરમ અને વ્યાખ્યાયિત નથી.
- ત્વચાના રંગ અને નિર્માણમાં પરિવર્તન.
- ત્વચા પરનો રંગહીન ડાઘ જે સહેજ અથવા સંપૂર્ણ રીતે સ્પર્શહીન હોય છે અથવા તે ડાઘ ઉપર કોઈ ચિકિત્સા અનુભવતા નથી.
- પીળી અથવા તાંબુ રંગની ફોલ્લીઓ સામાન્ય ત્વચા પર જોવા મળે છે જે ડૂબી છે અથવા
હાથ અને પગની નિષ્ક્રિયતા આવે છે.","હળદર
હળદરમાં હાઇડાકોટિલ હોય છે. અસરકારક જગ્યાએ હળદરને પાટો પર બાંધી શકાય છે. હળદર ત્વચાની બળતરા, રંગદ્રવ્ય ઘટાડે છે, કારણ કે તે મલમનું કામ કરે છે.
લીમડો
લીમડાના પાન પીસીને કોટિંગ તરીકે ઉપયોગ કરો. લીમડામાં બેક્ટેરિયાથી છુટકારો મેળવવા માટે શ્રેષ્ઠ એન્ટિસેપ્ટિક એજન્ટ છે. દિવસમાં ઓછામાં ઓછા બે વખત પાંદડા ની પેસ્ટ લગાવો. સારા પરિણામ માટે લીમડાની પેસ્ટમાં કાળા મરીનો પાઉડર મિક્સ કરો. આ સિવાય લીમડાના પાનને પાણીમાં ઉકાળીને તે પાણીથી નહાવાથી પણ રાહત મળે છે.
એરોમાથેરાપી
રક્તપિત્તની સારવાર માટે પણ એરોમાથેરાપી લઈ શકાય છે. આ ઉપચાર વિવિધ ફાયદાકારક તેલનો ઉપયોગ કરે છે જે શરીર માટે ટોનિકનું કામ કરે છે અને એન્ટિસેપ્ટિક એજન્ટ તરીકે શરીરને ફાયદો પણ કરે છે.
ગોટુ કોલા અથવા સેંટેલા એશિયાટિકા
મંડુકાપર્ણી અથવા ગોટુ કોલાનો ઉપયોગ ત્વચાની અનેક રોગોથી મુક્તિ મેળવવા માટે થાય છે. ગોટુ કોલાનો ઉપયોગ શરીરના ઘા, બર્ન્સ વગેરેના ઉપચાર માટે પણ થાય છે. ગોટુ કોલા માથાનો દુખાવો અને તાવ માટે પણ વપરાય છે. અડધા સુધી પાણી ઓછું થાય ત્યાં સુધી ગોટુ કોલાના પાનને પાણીમાં ઉકાળો. તે પછી, આ પાણીને ફિલ્ટર કરો અને દરરોજ ત્રણ વખત તેમાંથી ત્રણ ક્વાર્ટર પીવો. રક્તપિત્તમાં લાભ થશે.
રિઝમ્સ
રાઇઝોમ્સમાં એન્ટિફંગલ ગુણધર્મો છે. રાઇઝોમ્સમાં કડવો અને તીક્ષ્ણ સ્વાદ હોય છે અને તે ખૂબ જ સુગંધિત હોય છે. રક્તપિત્તની સારવાર માટે કાચા રાઇઝોમ્સનો ઉપયોગ કરો.
બબચી
રક્તપિત્તની સારવાર માટે બબચીને સૌથી અસરકારક bષધિ માનવામાં આવે છે. બચ્ચીના દાણાના પાવડરનો ઉપયોગ રક્તપિત્તની સારવાર માટે થાય છે. આ સિવાય બાબ્ચીના પાંદડાની પેસ્ટ બનાવી અસરગ્રસ્ત સ્થળે લગાવવાથી પણ રક્તપિતમાં રાહત મળે છે. આ સોજો ઘટાડે છે અને વ્યક્તિના રોગને મટાડવાની પ્રક્રિયા પણ ઝડપી છે.
ઘઉં ઘાસ
ઘઉંનો ઘાસ એ રક્તપિત્તની સારવાર માટે એક ચમત્કારિક ઉત્પાદન છે. તેનો ઉપયોગ કરવાથી કોઈ વ્યક્તિને રાત્રે આરામની અનુભૂતિ થાય છે અને લગભગ ત્રણ મહિના સતત ઉપયોગ કરવાથી રક્તપિત્ત મટાડી શકાય છે. ઘઉંનો ઘાસ પેસ્ટ બનાવીને અસરગ્રસ્ત વિસ્તારમાં લાગુ કરી શકાય છે.
કાલમોગરા તેલ
રક્તપિત્તની સારવારમાં પણ આ તેલ ખૂબ જ ફાયદાકારક છે. કલામોગરા તેલમાં થોડા ટીપાં લીંબુ નાખીને અસરગ્રસ્ત વિસ્તારમાં માલિશ કરવાથી ખૂબ ફાયદો થાય છે. તેના તેલમાં એન્ટીબેક્ટેરિયલ ગુણ હોય છે, જે ઘાને ઝડપથી મટાડતા અને બેક્ટેરિયાને દૂર કરે છે.","- સરકારી દવાખાના દ્વારા રહેણાંક વિસ્તારોમાં આરોગ્ય કેન્દ્રોમાં મફત સારવાર મળે છે.
- જો શરીર પર એકથી પાંચ ફોલ્લીઓ છે, તો દવા છ મહિના સુધી લેવી જોઈએ.
- જો ત્યાં 6 થી 12 ફોલ્લીઓ છે, તો આ દવા 12 મહિના કે તેથી વધુ સમય સુધી લેવાથી સંપૂર્ણ મટાડવામાં આવે છે."
આધાશીશી (માઇગ્રેન),આધાશીશી સરમાં જવું એ સૌથી ઝડપી વેદનામાં છે. તે સામાન્ય અને કાનૂની બાબતોના ભાગોમાં અસહ્ય પીડાના અનુભવ છે.,"- જો તમારું વજન, પ્રયત્નો વિના, છેલ્લા 2 મહિનામાં, 5 કિલોથી વધુ ઘટાડો થયો છે
- જો તમને માથાનો દુખાવો અને વારંવાર પેશાબ થતો હોય તો સમજી લો કે તમે આધાશીશીથી પીડિત છો.
- એવું પણ જાણવા મળ્યું છે કે જ્યારે આધાશીશીમાં દુખાવો થાય છે ત્યારે વ્યક્તિને ચોકલેટ ખાવાની તીવ્ર ઇચ્છા હોય છે, તેને લાગે છે કે ચોકલેટ ખાવાથી તેના માથામાં દુખાવો મટી જાય છે.
- દિવસ દરમ્યાન બિનજરૂરી વ .કિંગ એ આધાશીશીનું લક્ષણ પણ છે.
- ફોટોફોબિયા (પ્રકાશની વધારાની સંવેદનશીલતા),
- ફોનોફોબીઆ (અવાજ પ્રત્યેની વધારાની સંવેદનશીલતા),
- આધાશીશી માથાનો દુ withખાવો ધરાવતા એક તૃતીયાંશ લોકો તેના માટે આભાસ દ્વારા સૂચવે છે, આધાશીશીનું પ્રથમ લક્ષણ એ કોઈ પણ પદાર્થ અથવા વ્યક્તિની આજુબાજુ સમાન આકારમાં પ્રકાશનો દેખાવ છે. આવી લાગણી પીડા દરમિયાન 5 મિનિટથી 1 કલાક સુધી રહે છે.
- માઈગ્રેનથી પીડિત લોકોમાં પણ સાઇનસનાં લક્ષણો દેખાય છે. તીવ્ર માથાનો દુખાવોવાળી પાણીવાળી આંખો અથવા અનુનાસિક જામ હશે.
- માઇગ્રેન દુ painfulખદાયક હોય ત્યારે નિંદ્રા યોગ્ય રીતે આવતી નથી. થાક લાગે છે પણ નિંદ્રા નથી અનુભવાય.
- આધાશીશી દરમિયાન પીડિતની લાગણી ખૂબ ઝડપથી બદલાઈ જાય છે. તે ક્યારેક વધુ ઉગ્ર અને ક્યારેક વધુ શાંત રહે છે.
- આધાશીશીમાં દુખાવો દરમિયાન, આંખોમાં ભયંકર દુખાવો પણ થાય છે. પોપચા ઝબકી જવાથી ભયંકર સળગતી ઉત્તેજના પણ થાય છે.
- nબકા, ઉલટી, માથાનો દુખાવો સાથે
- એક બાજુ માથાનો દુખાવો શરૂ થાય છે.
- માથાનો દુખાવો એટલો વધી જાય છે કે ગળા પણ દુ .ખવા માંડે છે.","1- લવંડર તેલ
લવંડર તેલ સામાન્ય માથાનો દુખાવો અને આધાશીશી પીડા માટે ઘરેલું ઉપાય છે. લવંડર તેલની સુગંધ આધાશીશીમાં ખૂબ અસરકારક છે. ગરમ પાણીમાં લવંડર તેલના થોડા ટીપાંને સુગંધ કરવાથી તે ખૂબ રાહત આપે છે. લવંડર તેલ ક્યારેય મૌખિક રીતે વાપરવું જોઈએ નહીં.
2- મરીનામ તેલ
પેપરમિન્ટ માથાના તાણને ઘટાડવામાં નિષ્ણાત છે. તેના તેલની મજબૂત સુગંધ શરીરમાં લોહીના પ્રવાહને નિયંત્રિત કરે છે. માઇગ્રેન અથવા સામાન્ય માથાનો દુખાવો પણ ઘણીવાર લોહીના પ્રવાહમાં ઘટાડો થવાને કારણે થાય છે, જેમાં પિપરમિન્ટ તેલ લોહીના પ્રવાહને ઘટાડીને માથાનો દુખાવો મટાડે છે. આ તેલની હળવા માત્રા સીધા કપાળ પર લગાવી શકાય છે. વધારે અરજી ન કરો નહીં તો તમને ઈર્ષ્યા થઈ શકે છે.
3- તુલસી અથવા તુલસી
તુલસીના કુદરતી ગુણધર્મ બધાને ખબર છે, પણ ચાલો તમને જણાવી દઈએ કે તુલસી આધાશીશીમાં પણ ખૂબ અસરકારક છે. તુલસીના તેલનો ઉપયોગ આધાશીશીમાં ખૂબ જ પીડાથી રાહત આપે છે. તુલસીનો તેલ સ્નાયુઓને આરામ આપે છે જેનાથી માથાના તાણને ઓછું કરવામાં આવે છે અને પીડા દૂર થાય છે.
4- સમર્પિત આહાર
માથાનો દુખાવો ઓછો કરવા અને આધાશીશી પીડાને દૂર કરવા માટે તમારા આહારમાં કંઇક કરવું જોઈએ. આધાશીશી પીડાથી અસરગ્રસ્ત લોકોએ મગફળીના માખણ એટલે કે સામાન્ય માખણને બદલે મગફળીના માખણનો ઉપયોગ કરવો જોઈએ. એવોકાડો, કેળા અને સાઇટ્રસ ફળો વગેરેનો ઉપયોગ કરવો જોઈએ.
5- તેલ માલિશ
માથાનો દુખાવો ઘટાડવાનો એક ખૂબ જ અસરકારક માર્ગ પણ મસાજ છે. નિષ્ણાતોના મતે માથાની પાછળની બાજુ માલિશ કરવાથી આધાશીશીથી મોટી રાહત મળે છે. આ સાથે, હાથપગના માલિશ પણ કરવા જોઈએ. માલિશ કરવાથી લોહીનું પરિભ્રમણ પણ વધે છે.
6- આદુ
આદુ દુખાવો અને fromલટીના લક્ષણોથી માથાનો દુખાવો દરમિયાન આદુમાંથી સોજો અને દુખાવો દૂર કરે છે. આદુમાં હાજર એન્ટી-જ્વલનશીલ ગુણધર્મો પરોપજીવી લક્ષણોને રોકે છે. આદુનો નાનો ટુકડો ધોઈ લો, તેને છાલ કા waterો અને તેને પાણીમાં ઉકાળો, ઠંડુ કરો. આ પાણીમાં થોડા ટીપાં મધ અને લીંબુ નાખીને પીવાથી ફાયદો થાય છે.
7- કોફી
ઘણા લોકોને આધાશીશીની તીવ્ર પીડામાં કોફી પીવાથી તુરંત રાહત મળે છે. કોફીમાં હાજર કેફીન આધાશીશી ટ્રિગરની જેમ કાર્ય કરે છે અને એડેનોસિનના પ્રભાવોને ઘટાડે છે. જો કે ખૂબ કેફીનવાળા પદાર્થો સ્વાસ્થ્ય માટે પણ હાનિકારક છે, પરંતુ એક કપ કોફી તમારા સ્વાસ્થ્યને લાભ આપે છે.
8- ધાણા અથવા ધાણીયા
કોથમીરને ખોરાકને પચાવવા અને સ્વાદ માણવા માટે બહેરિનના મસાલા તરીકે ઓળખવામાં આવે છે, પરંતુ પ્રાચીન કાળથી ધાણાને આધાશીશી અને માથાનો દુ .ખાવો માટે પણ વપરાય છે. કોથમીરમાંથી તૈયાર કરેલી ચા આધાશીશીમાં ખૂબ ફાયદાકારક છે. ધાણાના કેટલાક દાણાને 10 મિનિટ સુધી ગરમ પાણીમાં ઉકાળો, ત્યારબાદ સ્વાદ પ્રમાણે ખાંડ નાખીને પીવો. ધાણાની ચા આધાશીશી પીડા તેમજ સામાન્ય માથાનો દુખાવોમાં ફાયદાકારક છે.","- આધાશીશી માથાનો દુખાવો ઘટાડવાની એક સરળ સારવાર એ છે કે તમારા માથા પર આઇસ પ iceક રાખવી. આઇસ પેક મગજમાં લોહીના પ્રવાહને નિયંત્રિત કરવામાં મદદ કરે છે અને પીડા ઘટાડે છે. અસરકારક રાહત માટે ધીમે ધીમે અસરગ્રસ્ત વિસ્તાર, મંદિર અને ગળા પર બરફના પ packકને ઘસવું.
- આધાશીશીમાં જો માથા, ગળા અને ખભાની માલિશ કરવામાં આવે તો તે આ પીડાને દૂર કરવામાં ઘણી મદદગાર છે. આ માટે, હળવા સુગંધ તેલનો ઉપયોગ કરી શકાય છે.
- ગરમ પાણીમાં ટુવાલ બોળીને, તે ગરમ ટુવાલથી પીડાદાયક ભાગોની મસાજ કરો.
- કેટલાક લોકોને ઠંડા પાણીથી કરવામાં આવતા સમાન મસાજથી રાહત મળે છે. તમે આ માટે આઇસ ક્યુબ્સનો પણ ઉપયોગ કરી શકો છો.
- લોકો આધાશીશી અથવા ક્લસ્ટર માથાનો દુખાવો દરમિયાન સેક્સ માણવાનું ટાળે છે, પરંતુ તાજેતરના એક અધ્યયનમાં, જર્મનીના સંશોધનકારોએ જાણવા મળ્યું છે કે આધાશીશી પીડિતોના 60 ટકા અને ક્લસ્ટર માથાનો દુખાવો ધરાવતા 37 ટકા લોકો (માથાના એક તરફ દુખાવો) સ્વીકારે છે કે પીડા સેક્સથી તેને રાહત મળે છે. આ અભ્યાસ 'સિફાલ્જિયા' નામના જર્નલમાં પ્રકાશિત થયો છે."
અરુચિ,,,,
અનિદ્રા,"સારી તંદુરસ્તી માટે સારી ઉંઘ પણ ખૂબ જ મહત્વપૂર્ણ છે. જો તમે ઉંઘ શો નહીં, તો તમે તેને બરાબર મેળવી શકશો નહીં. ઉંઘ  એ શરીરને આરામ કરવાનો શ્રેષ્ઠ માર્ગ છે. આવો, તમારી ઉંઘને નજીકથી સમજો.","ઊંઘની સમસ્યાથી છૂટકારો મેળવવા માટે લોકો ઘણીવાર ઊંઘની ગોળીઓ લે છે, જેને યોગ્ય વસ્તુ માનવામાં આવતી નથી. સ્લીપ ડિસઓર્ડરનું એક મુખ્ય કારણ તણાવ પણ હોઈ શકે છે. સારી નિંદ્રા મેળવવા માટેના કેટલાક ઉપાય આ છે:
- શારીરિક શ્રમ શરીરને થાકે છે અને આરામની જરૂરિયાત વધારે છે. તેથી, નિયમિત રમતો અથવા ચાલવું આપણા માટે ફાયદાકારક છે, તે શરીરને ફીટ રાખે છે અને થાકને લીધે ઊંઘ સારી આવે છે.
બેડ અને બેડરૂમમાં આરામદાયક હોવું જોઈએ, ખૂબ ઠંડુ અથવા ગરમ નહીં. ખાતરી કરો કે ગાદલું તમારા માટે યોગ્ય છે.
- સૂતા પહેલા ધીમો સંગીત પણ શરીરને આરામ આપે છે અને સૂવામાં મદદ કરે છે.
- સૂતી વખતે માથાની નીચે એક ઓશીકું રાખો. તમારા ઘૂંટણની નીચે એક ઓશીકું અને તમારા ઘૂંટણ અને જાંઘની વચ્ચે બીજું મૂકો. આ શરીરના વજનને નીચલા ભાગ તરફ લાવશે અને તમે આરામથી સૂઈ શકશો.
- સૂવાના સમયે એક કલાક પહેલા ઓરડામાં પ્રકાશ પ્રગટાવો.
- સૂતા સમયે સારી અને સકારાત્મક બાબતોનો વિચાર કરો.
- રાત્રે સૂતા પહેલા દૂધ પીવો, જેનાથી સારી ઊંઘ આવે છે. ચા અને કોફીના જથ્થાને મર્યાદિત કરો અને દિવસમાં બેથી ત્રણ વખત તેમનું સેવન ન કરો.
- સમયસર સૂવાની અને જાગવાની ટેવ પાડો.
- સારા મિત્રો બનાવો. એકલતાથી દૂર રહો
- જો કોઈ વસ્તુ તમને પરેશાન કરે છે અને તમે તેના વિશે યોગ્ય રીતે વિચારતા નથી, તો સૂતા પહેલા કાગળ પર તમારી સમસ્યા લખો અને જાતે કહો કે કાલે તમે આ સમસ્યાનો સામનો કરશો.
- જો તમે સૂઈ શકતા નથી, તો પછી ઉઠો અને કંઈક કરો જેનાથી તમે હળવાશ અનુભવો, જેમ કે - વાંચવું, ટીવી જોવું અથવા લાઇટ મ્યુઝિક સાંભળવું અને જ્યારે તમને થાક લાગે છે ત્યારે ફરીથી સૂઈ જાઓ.","વધુ લીલા શાકભાજી અને શાકભાજી ખાઓ (લીલા શાકભાજી વધુ ખાઓ)
લીલા ગ્રીન્સ અને શાકભાજી ફક્ત શરીર માટે જ નહીં, ઉંઘ માટે પણ જરૂરી છે. ખાસ કરીને લીલોતરી જેનાં પાન મોટા હોય છે અને સ્ટીકીનેસ હોય છે, તે સૂવામાં ઘણી મદદ કરે છે. પોર્પોઇઝ અને સ્પિનચ ગ્રીન્સ નિયમિતપણે ખાઓ, આ સારી ઉંઘ તરફ દોરી જશે.
મેગ્નેશિયમ અને કેલ્શિયમ
મેગ્નેશિયમ અને કેલ્શિયમ બંને ઉંઘ વધારતા રસાયણો હોવાનું કહેવામાં આવે છે. જ્યારે તે બંનેને સાથે લેવામાં આવે ત્યારે તે વધુ અસરકારક હોય છે. મેગ્નેશિયમ ખાવાથી હૃદયરોગનું જોખમ પણ ઓછું થાય છે. રાત્રે 200 મિલિગ્રામ મેગ્નેશિયમ ખાઓ (વધારે ન લો, ઝાડા થઈ શકે છે) અને 600 મિલિગ્રામ કેલ્શિયમ, તમને સારી નિંદ્રા મળશે.
જંગલી લેટીસ
જો તમે તણાવ, માથાનો દુખાવો, માંસપેશીઓ અને સાંધાનો દુખાવાની ફરિયાદ કરી રહ્યા હોવ તો તમારે જંગલી લેટીસ જાણવું જ જોઇએ. તે શરીરના થાક, હતાશા અને અનિદ્રામાં પણ ખૂબ અસરકારક છે. સૂતા પહેલા તેના પગમાં 30 થી 120 મિલીલીટર લગાડો, થાક અદૃશ્ય થઈ જશે અને નિંદ્રા આરામ કરશે.
હોપ્સ
તે એક પ્રકારનો જંગલી છોડ છે જેના ફળનો ઉપયોગ વાઇન (બીયર) બનાવવા માટે થાય છે. અનીડા, ટેન્શન અને ડિફ્થર્નના દર્દીઓને તેના ફળનો રસ આપવામાં આવે છે જેથી તેઓને નિરાંત મળે.
એરોમાથેરાપી
સુગંધ મગજમાં એક જોડાણ ધરાવે છે. ઘણા લોકો ઓશીકું નીચે જાસ્મિનનાં ફૂલો મૂકીને તેમના પલંગ પર સૂઈ જાય છે. ઘણા લોકો રજનીગંધા અથવા સમાન સુગંધિત ફૂલોના છોડને તેમની અટારીમાં રાખે છે જેથી તેની સુગંધ તમને રાત્રે વધુ સારી રીતે ઉંઘવામાં મદદ કરી શકે. લિવંડર ફૂલો એનિડા દર્દીઓ માટે પણ અસરકારક છે. ઓશીકું હેઠળ તેના ફૂલો મૂકીને, સુગંધ ઓરડામાં ફેલાય છે અને ઉંઘ વધુ સારી બને છે.
યોગ અથવા ધ્યાન
નિયમિત અભ્યાસમાં યોગ અને ધ્યાન લાવો. યોગમાં વધુ મુશ્કેલ આસનો ન કરો, મનને શાંતિ મળે તે માટે સરળ આસનો કરો. સૂતા પહેલા પ્રથમ 5 થી 10 મિનિટ માટે ધ્યાન કરો. ધ્યાન દરમિયાન ક્યાંય ન જશો અને ફક્ત તમારા શ્વાસ પર મનને કેન્દ્રિત કરો. રાત્રે તમને સારી નિંદ્રા મળશે.
એલ-થેનાઇન
લીલી ચામાં એમ-એનો એસિડ હોય છે જેને એલ-થાઇમિન કહે છે. દિવસ દરમિયાન તેને પીવાથી ચપળતા અને તાજગી રહે છે અને રાત્રે પીવાથી ઉંડી ઉંઘ આવે છે.",
